파일,Step,타이틀,CPT코드,이유,Action(앞80자)
2014/2014.6모A_30.md,2,두 관계식 각각에서 범위 조건으로 유효 순서쌍 개수를 세어 합산하기,12대수01-02,"키워드 미매칭 (코드: 12대수01-02, 키워드: 지수의 확장, 유리수 지수, 실수 지수, 지수의 확장, 유리수 지수)","[12대수01-02] $n=20m$: $m=1,2,3,4$ → 4쌍. $n=5m$: $m=1,\ldots,19$ → 19쌍. 합$=23$"
2014/2014.9모A_27.md,2,방정식의 근을 이용하여 점의 좌표 구하기,10공수1-02-03,"키워드 미매칭 (코드: 10공수1-02-03, 키워드: 근과 계수의 관계, 근과 계수, 비에타, 두 근의 합, 두 근의 곱)",[10공수1-02-03] 곡선 함수와 접선 방정식을 연립하여 식의 교점 중 $x \neq -1$ 인 값 찾기
2014/2014.9모A_28.md,3,다항함수의 값을 이용하여 최종값 산출하기,12미적Ⅰ-02-03,"키워드 미매칭 (코드: 12미적Ⅰ-02-03, 키워드: 도함수, 도함수, 미분, f'(x), 도함수를)",[12미적Ⅰ-02-03] 구한 $k$ 를 $f(x)$ 식에 대입해 $f(0)$ 을 확정하고 60 곱셈
2014/2014.9모A_21.md,2,매개변수의 이차함수로 변환하여 닫힌 구간에서 최댓값·최솟값 산출하기,12미적Ⅰ-02-02,"키워드 미매칭 (코드: 12미적Ⅰ-02-02, 키워드: 미분가능성, 연속성, 미분가능성, 연속성, 미분가능)","[12미적Ⅰ-02-02] $a^2+b^2=2r_2^2-2r_2+1$. $r_2=1/2$에서 최소$=1/2$, $r_2=2$에서 최대$=5$. $"
2014/2014.9모A_29.md,1,[그림 n]의 경로 구조 분석으로 점화식 수립,10공수1-03-02,"키워드 미매칭 (코드: 10공수1-03-02, 키워드: 순열, 순열, npr)",[10공수1-03-02] [그림 n]의 최단경로 수 $a_n$을 이전 단계의 경로 수로 표현
2014/2014.9모A_30.md,1,지수 치환으로 이차부등식의 유효 범위를 분석하여 수열의 일반항 확정하기,12대수01-02,"키워드 미매칭 (코드: 12대수01-02, 키워드: 지수의 확장, 유리수 지수, 실수 지수, 지수의 확장, 유리수 지수)","[12대수01-02] $(2^k-2^n)(2^k-4^n)\leq1$. $n\leq k\leq2n$이면 좌변$\leq0\leq1$. $k=n-1,"
2014/2014수능A_23.md,1,우함수와 기함수의 정적분 성질을 이용하여 식 간단히 하기,12미적Ⅰ-03-05,"키워드 미매칭 (코드: 12미적Ⅰ-03-05, 키워드: 도형의 넓이, 도형의 넓이, 넓이, 곡선으로 둘러싸인, 면적)","[12미적Ⅰ-03-05] 기함수인 홀수차항 $2x$ 의 적분값을 0으로 소거하고, 우함수인 짝수차항 $3x^2$ 에 대하여 $2 \int_0^a"
2014/2014수능A_25.md,2,다항함수의 값을 이용하여 최종 극댓값과 식의 값 계산하기,12미적Ⅰ-02-03,"키워드 미매칭 (코드: 12미적Ⅰ-02-03, 키워드: 도함수, 도함수, 미분, f'(x), 도함수를)",[12미적Ⅰ-02-03] $f(x)$ 식에 구한 $a$ 를 대입하고 $x=1$ 을 넣어 함숫값 $M = f(1)$ 도출 후 $a$ 와 더함
2014/2014수능A_30.md,1,세 경계 곡선의 교점 및 영역 파악으로 격자점 탐색 범위 설정,12대수01-02,"키워드 미매칭 (코드: 12대수01-02, 키워드: 지수의 확장, 유리수 지수, 실수 지수, 지수의 확장, 유리수 지수)",[12대수01-02] 세 곡선의 교점을 구하여 영역의 경계를 파악
2014/2014수능A_30.md,2,각 정수 x좌표에서 격자점 개수 계산,12대수01-02,"키워드 미매칭 (코드: 12대수01-02, 키워드: 지수의 확장, 유리수 지수, 실수 지수, 지수의 확장, 유리수 지수)","[12대수01-02] 각 정수 $x = 0, 1, 2, 3, 4$에서 $y$의 정수 범위 계산"
2015/2015.6모A_10.md,2,부분합 등치 방정식 풀이로 조건 만족 항수 결정하기,10공수1-02-03,"키워드 미매칭 (코드: 10공수1-02-03, 키워드: 근과 계수의 관계, 근과 계수, 비에타, 두 근의 합, 두 근의 곱)",[10공수1-02-03] 양변에 분모를 곱하여 $16n = 15(n+1)$ 일차방정식 수립 및 풀이
2015/2015.6모A_14.md,2,속도 함수 영점 조건으로 운동 정지 시각 결정하기,10공수1-02-03,"키워드 미매칭 (코드: 10공수1-02-03, 키워드: 근과 계수의 관계, 근과 계수, 비에타, 두 근의 합, 두 근의 곱)",[10공수1-02-03] $v(a) = -2a+4 = 0$ 이라는 일차방정식을 풀어 $a$ 선출
2015/2015.6모A_17.md,1,점화식 분수항 분리와 공통인수 묶기로 수열 항 표현식 역산하기,12대수03-04,"키워드 미매칭 (코드: 12대수03-04, 키워드: 시그마, 합의 기호, 시그마, ∑, \sum)","[12대수03-04] 우변의 분수식을 전개하여 좌우변으로 이항한 뒤, $3$ 으로 묶이는 식 $\frac{6}{n!}$ 형태를 찾아내기"
2015/2015.6모A_17.md,3,도출된 함수들에 값을 대입하여 특정 식의 값 도출하기,12대수01-01,"키워드 미매칭 (코드: 12대수01-01, 키워드: 거듭제곱, 거듭제곱근, 거듭제곱근, n제곱근, 제곱근)",[12대수01-01] $f(n) = \frac{2}{n!}$ 와 $g(n) = \left(\frac{3}{2}\right)^{n-1}$ 에 $n
2015/2015.6모A_24.md,1,지수함수의 그래프를 이용하여 최댓값 구하기,12대수01-03,"키워드 미매칭 (코드: 12대수01-03, 키워드: 지수법칙의 활용, 밑의 조건, 지수법칙, 지수방정식, 지수부등식)","[12대수01-03] $f(x)$ 는 밑이 $1$ 보다 커서 증가함수, $g(x)=4^{-x}$ 는 감소함수. $a=f(3)=2^3=8$, $b"
2015/2015.6모A_26.md,2,방정식의 근을 구하여 특정 항의 값 계산하기,10공수1-02-03,"키워드 미매칭 (코드: 10공수1-02-03, 키워드: 근과 계수의 관계, 근과 계수, 비에타, 두 근의 합, 두 근의 곱)","[10공수1-02-03] 성립된 등식 $a_{n+1} - a_1 = 2n+1$ 에 $n=9$, $a_1=15$ 대입으로 방정식 수립"
2015/2015.6모A_28.md,1,수열의 규칙을 파악하여 주기성 또는 일반항 도출하기,12대수03-06,"키워드 미매칭 (코드: 12대수03-06, 키워드: 귀납적 정의, 점화식, 귀납적 정의, 수학적 귀납법)",[12대수03-06] 첫째항부터 순서대로 대입하여 값이 어떻게 변환되는지 사이클 탐색 실시
2015/2015.6모A_28.md,2,수열의 주기성을 이용하여 식의 값 구하기,12대수03-06,"키워드 미매칭 (코드: 12대수03-06, 키워드: 귀납적 정의, 점화식, 귀납적 정의, 수학적 귀납법)",[12대수03-06] 항 번호 $2015$ 를 주기 $4$ 로 나누어 나머지를 구하고 매칭되는 기본 주기의 항을 채택
2015/2015.6모A_21.md,2,g(x)의 인수 구조 확정으로 g(5) 계산,10공수1-01-03,"키워드 미매칭 (코드: 10공수1-01-03, 키워드: 인수분해, 인수분해, 공통인수)",[10공수1-01-03] $g(x) = (x-1)(x-r)(x-s)$ 형태로 놓고 모든 극한 조건 분석
2015/2015.9모A_11.md,2,평면도형의 넓이 구하기 성질을 이용하여 사각형 넓이 계산하기,10공수2-01-01,"키워드 미매칭 (코드: 10공수2-01-01, 키워드: 선분의 내분, 내분점, 내분점, 중점, 외분점)",[10공수2-01-01] 각 변의 형태를 관찰하여 $\mathrm{AC}$ 와 $\mathrm{DB}$ 가 가로로 평행한 사다리꼴임을 알아내고 
2015/2015.9모A_16.md,2,연속된 곱 연산을 적용하여 수열의 식 증명하기,12대수03-04,"키워드 미매칭 (코드: 12대수03-04, 키워드: 시그마, 합의 기호, 시그마, ∑, \sum)",[12대수03-04] (가)를 기반으로 작성한 $\frac{(k+1)^2}{k}$ 값을 모두 곱해 분모 분자의 팩토리얼 연쇄 소거 확인
2015/2015.9모A_16.md,3,구한 함수들에 값 대입하여 식의 값 구하기,12대수01-01,"키워드 미매칭 (코드: 12대수01-01, 키워드: 거듭제곱, 거듭제곱근, 거듭제곱근, n제곱근, 제곱근)","[12대수01-01] $f(n)=(n+1)^2$ 에 4를, $g(n)=\frac{n}{2}$ 에 20을 대입 후 곱셈"
2015/2015.9모A_17.md,2,이차방정식의 근의 공식을 이용하여 식의 값 구하기,10공수1-02-03,"키워드 미매칭 (코드: 10공수1-02-03, 키워드: 근과 계수의 관계, 근과 계수, 비에타, 두 근의 합, 두 근의 곱)",[10공수1-02-03] $a(a-4) = -4$ 방정식을 전개하고 완전제곱식을 이용하여 상수 $a$ 결정
2015/2015.9모A_24.md,2,등차수열 대칭쌍 묶기로 특정 구간 항의 합 산출하기,12대수03-03,"키워드 미매칭 (코드: 12대수03-03, 키워드: 등비수열, 일반항, 수열의 합, 등비수열, 공비)",[12대수03-03] 구하려는 $a_2 + a_3 + \dots + a_9$ 를 위에서 찾은 4개의 쌍의 합으로 치환하여 계산
2015/2015.9모A_26.md,1,정적분으로 나타내어진 함수의 미분을 이용하여 함수 도출하기,12미적Ⅰ-03-04,"키워드 미매칭 (코드: 12미적Ⅰ-03-04, 키워드: 부정적분과 정적분의 관계, 부정적분과 정적분, 미적분의 기본정리, 기본정리, 정적분으로 정의된)",[12미적Ⅰ-03-04] 양변을 $x$ 에 대하여 동일하게 미분하여 좌변의 피적분함수 $f(t)$ 를 $f(x)$ 형태로 끄집어냄
2015/2015.9모A_26.md,2,구한 함수에 값을 대입하여 식의 값 구하기,12대수01-01,"키워드 미매칭 (코드: 12대수01-01, 키워드: 거듭제곱, 거듭제곱근, 거듭제곱근, n제곱근, 제곱근)",[12대수01-01] 도출된 $f(x)$ 함수식의 $x$ 자리에 $10$ 을 직대입 연산
2015/2015.9모A_27.md,2,곡선 식에 좌표를 대입하여 좌표 완성하기,12대수01-01,"키워드 미매칭 (코드: 12대수01-01, 키워드: 거듭제곱, 거듭제곱근, 거듭제곱근, n제곱근, 제곱근)",[12대수01-01] $a=1$ 을 원래 곡선의 식 $y$ 에 대입하여 $y$ 좌표인 $b$ 를 찾고 서로 합산
2015/2015.9모A_21.md,1,부등식 경계를 특정 점에 대입하여 경계값 일치를 확인하고 함숫값 결정하기,12미적Ⅰ-01-01,"키워드 미매칭 (코드: 12미적Ⅰ-01-01, 키워드: 함수의 극한, 함수의 극한, 극한, lim, 좌극한)",[12미적Ⅰ-01-01] $x \to 0^+$에서 샌드위치 정리를 적용하여 $f(0)$ 조건과 결합
2015/2015.9모A_21.md,3,확정된 삼차함수에 특정 값 대입하여 함숫값 산출,12미적Ⅰ-02-03,"키워드 미매칭 (코드: 12미적Ⅰ-02-03, 키워드: 도함수, 도함수, 미분, f'(x), 도함수를)",[12미적Ⅰ-02-03] 확정된 $f(x)$에 $x=3$ 대입하여 $f(3) = 27 + 9 + 3 - 3 = 36$ 계산
2015/2015.9모A_29.md,2,확률밀도함수 도출 및 목표 확률 계산,12확통03-02,"키워드 미매칭 (코드: 12확통03-02, 키워드: 기댓값, 표준편차, 이산확률변수, 기댓값, 분산)",[12확통03-02] 누적분포함수를 미분하여 확률밀도함수 $f_X(t)$ 결정 후 적분으로 확률 계산
2015/2015.9모A_30.md,1,곡선과 원의 거리 조건으로 판별 기준 설정,10공수2-01-05,"키워드 미매칭 (코드: 10공수2-01-05, 키워드: 위치 관계, 원과 직선, 원과 직선, 접선, 위치 관계)","[10공수2-01-05] 곡선 위의 점 $(t, 2^t)$에서 원의 중심 $(a, b)$까지의 최소 거리 분석"
2015/2015.9모A_30.md,2,a별 최소 거리 계산 및 유효 b 범위 탐색,12대수01-03,"키워드 미매칭 (코드: 12대수01-03, 키워드: 지수법칙의 활용, 밑의 조건, 지수법칙, 지수방정식, 지수부등식)","[12대수01-03] 각 정수 $a$에 대해 곡선 $y = 2^x$ 위의 점 $(t, 2^t)$에서 $(a, b)$까지 거리가 $[1, 2]$ "
2015/2015.9모A_30.md,3,각 a별 유효 b 개수 합산으로 조건 만족 순서쌍 총계 도출,10공수1-03-01,"키워드 미매칭 (코드: 10공수1-03-01, 키워드: 합의 법칙, 곱의 법칙, 경우의 수, 합의 법칙, 곱의 법칙)",[10공수1-03-01] 각 $a$별 유효 $b$ 개수를 합산
2015/2015수능A_07.md,1,이항정리를 이용하여 항의 계수 구하기,12확통02-06,"키워드 미매칭 (코드: 12확통02-06, 키워드: 확률의 곱셈정리, 확률의 곱셈정리, 곱셈정리)",[12확통02-06] 이항정리의 일반항인 $_{n}C_{r} A^{n-r} B^r$ 공식을 세우고 $x$ 의 차수가 4가 되는 $r$ 을 탐색하
2015/2015수능A_07.md,2,방정식의 근을 구하여 미정계수 확인하기,10공수1-02-03,"키워드 미매칭 (코드: 10공수1-02-03, 키워드: 근과 계수의 관계, 근과 계수, 비에타, 두 근의 합, 두 근의 곱)",[10공수1-02-03] $15$ 로 양변을 나누고 양수인 제곱근 $a$ 선택
2015/2015수능A_15.md,2,조건을 만족하는 자연수 합산 구하기,10공수1-02-03,"키워드 미매칭 (코드: 10공수1-02-03, 키워드: 근과 계수의 관계, 근과 계수, 비에타, 두 근의 합, 두 근의 곱)",[10공수1-02-03] $x \le 5$ 를 만족하는 자연수를 나열한 뒤 전부 덧셈
2015/2015수능A_16.md,2,확률의 뺄셈 연산을 이용하여 교집합 여사건 변환하기,12확통02-04,"키워드 미매칭 (코드: 12확통02-04, 키워드: 조건부확률, 조건부확률, p(a|b), p(b|a))",[12확통02-04] 차집합의 성질 $\mathrm{P}(A \cap B^C) = \mathrm{P}(A) - \mathrm{P}(A \cap 
2015/2015수능A_18.md,1,연립방정식을 풀어 특정 변수의 값 확정하기,10공수1-02-03,"키워드 미매칭 (코드: 10공수1-02-03, 키워드: 근과 계수의 관계, 근과 계수, 비에타, 두 근의 합, 두 근의 곱)",[10공수1-02-03] 두 방정식에 공통으로 들어있는 $x+y+z$ 덩어리를 소거하기 위해 위 식에서 아래 식을 변끼리 뺌
2015/2015수능A_26.md,2,구한 함수에 값을 대입하여 식의 값 구하기,12대수01-01,"키워드 미매칭 (코드: 12대수01-01, 키워드: 거듭제곱, 거듭제곱근, 거듭제곱근, n제곱근, 제곱근)",[12대수01-01] 완벽해진 $f(x)$ 식에 목표 수치인 $1$ 직대입
2015/2015수능A_21.md,2,h(x)의 비음 조건으로 a의 범위 결정,12미적Ⅰ-02-08,"키워드 미매칭 (코드: 12미적Ⅰ-02-08, 키워드: 그래프의 개형, 그래프의 개형, 개형, 오목, 볼록)",[12미적Ⅰ-02-08] $h(x) = f(x) - f'(x)$를 전개하고 $x \geq -1$ 범위에서 비음성 조건 확인
2015/2015수능A_21.md,3,계수 하한 조건에서 a 최솟값 대입으로 f(2) 최솟값 결정,12미적Ⅰ-02-09,"키워드 미매칭 (코드: 12미적Ⅰ-02-09, 키워드: 방정식과 부등식, 문제해결, 방정식과 부등식, 근의 개수, 실근의 개수)",[12미적Ⅰ-02-09] $f(2) = 8 + 10a$를 $a$의 함수로 표현하고 $a$의 최솟값 $a = 4$ 대입하여 $f(2)$ 최솟값 결
2015/2015수능A_27.md,1,확률밀도함수의 전체 면적 조건으로 상수 결정하기,12확통03-01,"키워드 미매칭 (코드: 12확통03-01, 키워드: 확률변수, 확률분포, 확률변수, 확률분포, 이산확률변수)",[12확통03-01] 그래프의 면적을 $k$로 표현하여 $k$ 결정
2015/2015수능A_27.md,2,구간별 확률밀도함수 면적 적분으로 목표 확률 산출,12확통03-01,"키워드 미매칭 (코드: 12확통03-01, 키워드: 확률변수, 확률분포, 확률변수, 확률분포, 이산확률변수)",[12확통03-01] 그래프 면적을 구간별로 계산하여 확률 산출
2015/2015수능A_29.md,2,극값 조건에서 얻은 함숫값과 도함수값으로 목표 식 계산,12미적Ⅰ-02-01,"키워드 미매칭 (코드: 12미적Ⅰ-02-01, 키워드: 미분계수, 순간변화율, 미분계수, 순간변화율, 평균변화율)","[12미적Ⅰ-02-01] 구한 $f(1) = 8$, $f'(1) = -8$ 대입하여 $f(1) - f'(1)$ 계산"
2016/2016.6모A_17.md,1,도함수를 활용하여 방정식의 실근 구비 조건 파악하기,12미적Ⅰ-02-09,"키워드 미매칭 (코드: 12미적Ⅰ-02-09, 키워드: 방정식과 부등식, 문제해결, 방정식과 부등식, 근의 개수, 실근의 개수)",[12미적Ⅰ-02-09] $f(x) - g(x) = 0$ 이고 등호 한쪽에 상수 $a$ 만 홀로 남기는 새로운 함수식 $h(x)=a$ 세팅 및 
2016/2016.6모A_17.md,2,삼차함수 극값 위치와 수평선 교차 횟수로 미정계수의 정수값 개수 결정하기,10공수1-02-03,"키워드 미매칭 (코드: 10공수1-02-03, 키워드: 근과 계수의 관계, 근과 계수, 비에타, 두 근의 합, 두 근의 곱)","[10공수1-02-03] $h(x)$ 그래프 위에 가로 수평선 $y=a$ 를 움직이면서 원점 오른쪽에서 두 번, 원점 왼쪽에서 한 번 만나는 높"
2016/2016.6모A_19.md,1,수열의 진술 과정을 따라 식의 모양 도출하기,12대수03-05,"키워드 미매칭 (코드: 12대수03-05, 키워드: 여러 가지 수열, 수열의 합, 계차수열, 군수열, 분수형)",[12대수03-05] 문맥을 읽고 윗줄에서 아랫줄로 넘어갈 때 사용된 연산 원리(로그) 및 알맞은 식 형태를 연역. $n=12$ 대입: $f(1
2016/2016.6모A_27.md,1,함수의 감소와 도함수의 부호 조건 파악하기,12미적Ⅰ-02-04,"키워드 미매칭 (코드: 12미적Ⅰ-02-04, 키워드: 미분법, 다항함수, 미분법, 곱의 미분, 다항함수)","[12미적Ⅰ-02-04] 주어진 함수 $f(x)$ 를 미분하여 도함수 $f'(x)$ 를 얻고, 이 도함수가 해당 구간 범위 내에서 항상 $0$ "
2016/2016.6모A_27.md,2,구한 감소 범위 속에 구간을 포함시켜 최댓값 찾기,10공수1-02-03,"키워드 미매칭 (코드: 10공수1-02-03, 키워드: 근과 계수의 관계, 근과 계수, 비에타, 두 근의 합, 두 근의 곱)","[10공수1-02-03] 목표 범위인 $(-a, a)$ 가 전체 감소 허용 스펙트럼인 $[-3, 3]$ 의 부분집합이 되기 위한 경계 범위를 구"
2016/2016.6모A_28.md,2,두 점을 이용하여 일차함수 식 세우고 값 대입하기,10공수2-03-02,"키워드 미매칭 (코드: 10공수2-03-02, 키워드: 합성함수, 합성함수)","[10공수2-03-02] 두 점 $(-5, 0)$ 과 $(-4, 3)$ 을 지나는 직선의 기울기를 수립한 후 기본형 $y=ax+b$ 에 대입하여"
2016/2016.6모A_20.md,2,조건 충족 순서쌍 탐색으로 a+b 최솟값 결정,10공수1-02-09,"키워드 미매칭 (코드: 10공수1-02-09, 키워드: 연립일차부등식, 연립일차부등식, 부등식, 범위)","[10공수1-02-09] $a \in \{1,...,9\}$, $b \in \{10,...,20\}$에서 $ab \geq 100$을 만족하는 순"
2016/2016.6모A_21.md,1,부등식 조건을 활용한 삼차함수의 인수 구성 및 대수적 식 도출,10공수1-01-03,"키워드 미매칭 (코드: 10공수1-01-03, 키워드: 인수분해, 인수분해, 공통인수)","[10공수1-01-03] 부등식의 성질에 따라 $f(x)$가 $x=-n$에서 부호 변화를 일으켜야 함을 파악하고, $x > -n$ 영역에서 함숫"
2016/2016.6모A_21.md,3,정수 조건 충족을 위한 매개변수의 최솟값 판별,10공수1-02-11,"키워드 미매칭 (코드: 10공수1-02-11, 키워드: 이차부등식, 연립이차부등식, 이차부등식, 연립이차부등식)",[10공수1-02-11] 유리수 형태의 $a_n$에서 분모 $27$을 소거하기 위한 자연수 $n$의 배수 성질을 분석합니다.
2016/2016.6모A_29.md,3,특정 지점의 함숫값 산출 및 최종 수치 결과 도출,10공수1-02-11,"키워드 미매칭 (코드: 10공수1-02-11, 키워드: 이차부등식, 연립이차부등식, 이차부등식, 연립이차부등식)",[10공수1-02-11] 앞서 분석한 교점 개수 규칙과 확정된 이차함수 식에 $t=3$을 대입하여 각각의 수치를 계산합니다.
2016/2016.6모A_30.md,2,매개변수 n의 변화에 따른 k값의 임계 수치 탐색,10공수1-03-01,"키워드 미매칭 (코드: 10공수1-03-01, 키워드: 합의 법칙, 곱의 법칙, 경우의 수, 합의 법칙, 곱의 법칙)","[10공수1-03-01] $n=2, 3, 4$일 때 $k$의 값을 순차적으로 대입하며 각 영역의 점 개수 합산량이 300을 넘어서는 순간을 포착"
2016/2016.6모A_30.md,3,산출된 함숫값의 곱을 통한 최종 수치 계산,10공수1-02-11,"키워드 미매칭 (코드: 10공수1-02-11, 키워드: 이차부등식, 연립이차부등식, 이차부등식, 연립이차부등식)","[10공수1-02-11] 개별 단계에서 얻어진 세 함숫값 $6, 5, 4$를 곱하여 최종 결과를 도출합니다."
2016/2016.9모A_11.md,2,정규분포를 표준화하여 확률 구하기,12확통03-06,"키워드 미매칭 (코드: 12확통03-06, 키워드: 표본평균, 모평균, 표본비율, 모비율, 표본평균)",[12확통03-06] $Z = \frac{\bar{X} - 평균}{표준편차}$ 공식 모델을 통해 구간을 표준정규분포 수치로 변환 후 표 판독
2016/2016.9모A_12.md,1,점의 중점 조건을 이용하여 미지수 방정식 풀기,12대수01-03,"키워드 미매칭 (코드: 12대수01-03, 키워드: 지수법칙의 활용, 밑의 조건, 지수법칙, 지수방정식, 지수부등식)","[12대수01-03] 점 $\mathrm{R}(k, 0)$, 점 $\mathrm{Q}(k, \log_2(k-2))$, 점 $\mathrm{P}("
2016/2016.9모A_12.md,2,좌표를 평면상에 배치하여 사각형의 넓이 구하기,10공수1-02-05,"키워드 미매칭 (코드: 10공수1-02-05, 키워드: 이차함수의 그래프, 직선의 위치 관계, 직선의 위치 관계, 교점, 이차함수의 그래프)","[10공수1-02-05] 두 로그 식의 $x$ 절편을 구해 $\mathrm{A}(1,0), \mathrm{B}(3,0)$ 을 찾고, 복잡한 사각"
2016/2016.9모A_17.md,2,연속 곱셈 소거 방식을 이용하여 일반항 구하기,12대수03-05,"키워드 미매칭 (코드: 12대수03-05, 키워드: 여러 가지 수열, 수열의 합, 계차수열, 군수열, 분수형)","[12대수03-05] 주어진 $f(n)$ 수식들에 해당하는 $n$ 을 1부터 하나하나 넣은 분수들을 늘어놓고, 위아래로 대각선 약분이 되는 연쇄"
2016/2016.9모A_19.md,1,조건식을 결합하여 특정 문자의 범위를 한정하기,10공수1-02-03,"키워드 미매칭 (코드: 10공수1-02-03, 키워드: 근과 계수의 관계, 근과 계수, 비에타, 두 근의 합, 두 근의 곱)","[10공수1-02-03] 공통된 부분인 $a+b+c$ 모양을 묶음 치환하듯 한 덩어리로 취급하여 등식을 변형한 뒤, 부등식에 역으로 찔러넣어 계"
2016/2016.9모A_25.md,2,도함수에 특정 값을 대입하여 미정계수 찾기,12미적Ⅰ-02-04,"키워드 미매칭 (코드: 12미적Ⅰ-02-04, 키워드: 미분법, 다항함수, 미분법, 곱의 미분, 다항함수)","[12미적Ⅰ-02-04] 알아낸 도함수 $f'(x) = 2ax+1$ 식의 $x$ 자리에 $2$ 를 집어넣고, 그 결과가 $17$ 과 같다는 일차"
2016/2016.9모A_26.md,1,전체 비율 조건을 통해 특정 연령대 인원수 방정식 세우기,12확통03-01,"키워드 미매칭 (코드: 12확통03-01, 키워드: 확률변수, 확률분포, 확률변수, 확률분포, 이산확률변수)",[12확통03-01] $300$ 명의 $12\%$ 퍼센트 수치 연산을 통해 30대 인원수($300 \times 0.12 = 36$ 명)를 알아내
2016/2016.9모A_26.md,3,대입법으로 연립방정식을 풀어 두 미지수의 합 산출하기,10공수1-02-08,"키워드 미매칭 (코드: 10공수1-02-08, 키워드: 연립이차방정식, 연립이차방정식, 연립이차)","[10공수1-02-08] 대입법을 통해 문자 $a$ 자리에 $2b$ 를 집어넣고 $b$ 의 값을 도출한 후, 구하는 목표인 $a+b$ 산출"
2016/2016.9모A_21.md,2,구간별 우미분계수와 좌미분계수의 곱 조건에 따른 특이점 범주화,12미적Ⅰ-02-08,"키워드 미매칭 (코드: 12미적Ⅰ-02-08, 키워드: 그래프의 개형, 그래프의 개형, 개형, 오목, 볼록)","[12미적Ⅰ-02-08] 절댓값 함수의 미분 가능성 성질을 이용하여, 해당 조건이 만족되는 지점이 함숫값이 $0$이 되어 꺾이는 점($f(t)="
2016/2016.9모A_21.md,3,도함수의 영점 산출 및 모든 유효한 t 값의 합계 계산,12미적Ⅰ-02-07,"키워드 미매칭 (코드: 12미적Ⅰ-02-07, 키워드: 증가와 감소, 극대와 극소, 증가와 감소, 극대와 극소, 극대)","[12미적Ⅰ-02-07] $g'(x) = 4x^3 - 12x^2 + 8$의 모든 실근을 구하고, 앞서 구한 지점들과 합산하여 최종 결과를 산출합"
2016/2016.9모A_29.md,2,대칭적 위치에 있는 확률값들의 합산 성질을 활용한 수식 단순화,12확통03-04,"키워드 미매칭 (코드: 12확통03-04, 키워드: 정규분포, 이항분포와의 관계, 정규분포, 이항분포와의 관계, 표준정규분포)","[12확통03-04] 평균 $4$에서 같은 거리만큼 떨어진 두 점 $4-k$와 $4+k$에 대하여, $\mathrm{P}(X \leq 4-k) "
2016/2016.9모A_29.md,3,전체 확률값 합산 및 최종 목표치 연산,12확통03-01,"키워드 미매칭 (코드: 12확통03-01, 키워드: 확률변수, 확률분포, 확률변수, 확률분포, 이산확률변수)","[12확통03-01] 앞에서 구한 세 쌍의 합($1 \times 3 = 3$)과 중앙값($0.5$)을 더하여 $a$의 값을 구하고, 문제에서 요"
2016/2016수능A_07.md,2,두 번째 조건식으로 첫째항 도출하기,10공수1-02-03,"키워드 미매칭 (코드: 10공수1-02-03, 키워드: 근과 계수의 관계, 근과 계수, 비에타, 두 근의 합, 두 근의 곱)","[10공수1-02-03] 구한 공비 정보 $r^2=4$ 를 써먹기 위해, 주어진 식을 $a_1$ 과 $r$ 구성으로 모두 분해한 뒤 연산"
2016/2016수능A_09.md,2,무리방정식 연산으로 표본의 크기 찾기,10공수1-02-03,"키워드 미매칭 (코드: 10공수1-02-03, 키워드: 근과 계수의 관계, 근과 계수, 비에타, 두 근의 합, 두 근의 곱)",[10공수1-02-03] 위치 교환과 양변 제곱을 통해 일반적인 $n$ 값으로 치환하여 계산 마무리
2016/2016수능A_11.md,3,개수 조건을 통해 자연수 k 확정하기,10공수1-02-03,"키워드 미매칭 (코드: 10공수1-02-03, 키워드: 근과 계수의 관계, 근과 계수, 비에타, 두 근의 합, 두 근의 곱)","[10공수1-02-03] $x$ 가 $2, 3, 4$ 까지만 아슬아슬하게 포함되어야 하므로 부등식의 우측 벽인 $2k+2$ 가 $4$ 점에 걸치"
2016/2016수능A_19.md,2,합 식의 도출 과정을 전개하여 나 식 찾기,12대수03-05,"키워드 미매칭 (코드: 12대수03-05, 키워드: 여러 가지 수열, 수열의 합, 계차수열, 군수열, 분수형)",[12대수03-05] 지문에 적힌 $S_n = n \times \{(n-1)!\}^2$ 구조를 그대로 인용하여 $a_n = n \{(n-1)!\
2016/2016수능A_26.md,1,전체 인원과 구성원 비율을 차례대로 추적하여 인원수 파악하기,12확통02-01,"키워드 미매칭 (코드: 12확통02-01, 키워드: 수학적 확률, 통계적 확률, 확률의 기본 성질, 수학적 확률, 통계적 확률)",[12확통02-01] 순서대로 하나씩 쫓아가며 구체적인 명수 테이블을 작성. (1) $\mathrm{A}$ 부서의 여성 찾기. (2) 미지수 $
2016/2016수능A_20.md,2,부분적분으로 정적분 분해 후 h(3) 결정,12미적Ⅰ-03-04,"키워드 미매칭 (코드: 12미적Ⅰ-03-04, 키워드: 부정적분과 정적분의 관계, 부정적분과 정적분, 미적분의 기본정리, 기본정리, 정적분으로 정의된)","[12미적Ⅰ-03-04] 부분적분 공식 $\int u\,dv = [uv] - \int v\,du$를 $u = x+5$, $v' = h'(x)$로"
2016/2016수능A_21.md,1,미분 가능성 조건을 활용한 삼차함수의 인수분해 구조 도출,12미적Ⅰ-02-02,"키워드 미매칭 (코드: 12미적Ⅰ-02-02, 키워드: 미분가능성, 연속성, 미분가능성, 연속성, 미분가능)",[12미적Ⅰ-02-02] 절댓값 함수가 $x=c$에서 미분 불가능하려면 $f(c)=0$이면서 $f'(c) \neq 0$이어야 합니다. 한 곳에서
2016/2016수능A_21.md,2,실근 범위 조건을 적용한 미지수 매개변수의 범위 확정,12미적Ⅰ-01-04,"키워드 미매칭 (코드: 12미적Ⅰ-01-04, 키워드: 연속함수의 성질, 중간값 정리, 최대최소 정리, 최대, 최소)","[12미적Ⅰ-01-04] 함수의 근인 $-1$과 $\alpha$ 중에서 구간 $[3, 5]$에 포함될 수 있는 유일한 근인 $\alpha$의 범"
2016/2016수능A_29.md,2,인수 정리로 이차함수 식을 구성하고 정적분 조건으로 계수를 결정하여 목표 함숫값 산출하기,10공수1-01-03,"키워드 미매칭 (코드: 10공수1-01-03, 키워드: 인수분해, 인수분해, 공통인수)",[10공수1-01-03] $f(x) = ax(x-2)$ 설정. $\int_0^2 f(x)dx = -\frac{4}{3}a = -4$ → $a=3
2016/2016수능A_30.md,2,직선과 곡선의 교점 조건을 활용한 영역 R의 대수적 영역 특정,12미적Ⅰ-02-07,"키워드 미매칭 (코드: 12미적Ⅰ-02-07, 키워드: 증가와 감소, 극대와 극소, 증가와 감소, 극대와 극소, 극대)","[12미적Ⅰ-02-07] 직선이 우하향하고 로그 곡선이 우상향하므로 각 구간당 교점은 최대 1개임을 파악하고, 특정 구간 $n$에서만 교점이 생"
2016/2016수능A_30.md,3,영역 내의 점과 고정점 사이의 거리 최솟값 산출 및 최종 수치 결정,10공수1-02-11,"키워드 미매칭 (코드: 10공수1-02-11, 키워드: 이차부등식, 연립이차부등식, 이차부등식, 연립이차부등식)","[10공수1-02-11] 점 $P(-20, 0)$에서 각 영역 $R_n$까지의 거리를 비교합니다. $k=-1$인 영역의 경계선 $a+10b=90"
2017/2017.6모나_04.md,2,만들어진 일차방정식을 풀어 목표값 알아내기,10공수1-02-09,"키워드 미매칭 (코드: 10공수1-02-09, 키워드: 연립일차부등식, 연립일차부등식, 부등식, 범위)",[10공수1-02-09] 상수항 $-3$ 을 이항하고 $2$ 로 나누어 미지수 $k$ 의 값을 확정
2017/2017.6모나_06.md,2,흩어진 식을 정리하고 차수를 맞춰 특정 계수 확정하기,10공수1-03-01,"키워드 미매칭 (코드: 10공수1-03-01, 키워드: 합의 법칙, 곱의 법칙, 경우의 수, 합의 법칙, 곱의 법칙)",[10공수1-03-01] 문자 $x$ 가 달려있는 지수들끼리만 덧셈으로 결합하여 그 총합이 타겟인 $2$ 가 되는 $r$ 방정식($6-2r=2$
2017/2017.6모나_07.md,2,정리된 수식에 원소 대입하고 남은 것들 합치기,10공수2-02-03,"키워드 미매칭 (코드: 10공수2-02-03, 키워드: 집합의 연산, 벤 다이어그램, 교집합, 합집합, 여집합)","[10공수2-02-03] 집합 $A$ 의 원소 중 집합 $B$ 의 원소와 공통되는 원소($1, 3$)를 제외하여 $A-B$ 를 구하고, 남은 원"
2017/2017.6모나_11.md,2,분류된 각 케이스에 대해 자연수의 분할 일일이 나열하여 노가다 집계하기,10공수1-03-01,"키워드 미매칭 (코드: 10공수1-03-01, 키워드: 합의 법칙, 곱의 법칙, 경우의 수, 합의 법칙, 곱의 법칙)",[10공수1-03-01] 중복이나 누락이 없도록 가장 큰 수부터 순차적으로 줄여나가며 $6$ 을 합으로 찢는 분할식을 작성하고 그 개수를 집계하
2017/2017.6모나_13.md,1,부등식을 정리하고 변수의 범위를 기준으로 성립 조건 파악하기,10공수1-02-11,"키워드 미매칭 (코드: 10공수1-02-11, 키워드: 이차부등식, 연립이차부등식, 이차부등식, 연립이차부등식)","[10공수1-02-11] 주어진 부등식을 $x > a-4$ 로 이항하여 정리한 뒤, 조건 $x>0$ 의 경곗값인 $0$ 이 부등식 우변의 값인 "
2017/2017.6모나_13.md,2,부등식 범위와 자연수 조건을 결합하여 해당하는 자연수의 개수 구하기,10공수1-02-03,"키워드 미매칭 (코드: 10공수1-02-03, 키워드: 근과 계수의 관계, 근과 계수, 비에타, 두 근의 합, 두 근의 곱)",[10공수1-02-03] 이전 단계에서 구한 $a \leq 4$ 와 '자연수'라는 조건을 결합하여 범위 내의 자연수를 찾아 개수를 계산
2017/2017.6모나_14.md,3,최종적으로 발생한 모든 경우의 수를 합산하여 결과물 도출하기,12확통03-02,"키워드 미매칭 (코드: 12확통03-02, 키워드: 기댓값, 표준편차, 이산확률변수, 기댓값, 분산)",[12확통03-02] 독립적으로 발생한 두 가지 케이스에서 파생된 조합의 개수들을 합의 법칙으로 단순 결합
2017/2017.6모나_15.md,2,원본 함수와 도착 함수를 비교하여 평행이동량과 계수를 알아내고 합산하여 최종값 산출하기,10공수2-03-02,"키워드 미매칭 (코드: 10공수2-03-02, 키워드: 합성함수, 합성함수)","[10공수2-03-02] 평행이동은 곡선의 개형을 나타내는 $x$ 의 계수 $a$ 를 변화시키지 않으므로 $a$ 를 확정하고, $x$ 대신 대입"
2017/2017.6모나_23.md,2,구해진 도함수에 특정 값을 대입하여 미분계수 도출하기,12미적Ⅰ-02-04,"키워드 미매칭 (코드: 12미적Ⅰ-02-04, 키워드: 미분법, 다항함수, 미분법, 곱의 미분, 다항함수)",[12미적Ⅰ-02-04] $f'(x)$ 의 식에 기호 안에 들어있는 $x=3$ 을 대입하고 산술 연산을 수행하여 미분계수의 단일 값을 산출
2017/2017.6모나_27.md,1,두 문제의 상황을 수식으로 정리하여 조건부 확률의 분모와 분자 구성하기,12확통02-04,"키워드 미매칭 (코드: 12확통02-04, 키워드: 조건부확률, 조건부확률, p(a|b), p(b|a))","[12확통02-04] 조건부 확률 공식에 따라 전체를 '흰색으로 같은 경우'와 '검은색으로 같은 경우'로 나누어 분모를 구성하고, 그중 '흰색으"
2017/2017.6모나_27.md,2,방정식 풀이를 통해 미지수 값 도출하기,10공수1-02-03,"키워드 미매칭 (코드: 10공수1-02-03, 키워드: 근과 계수의 관계, 근과 계수, 비에타, 두 근의 합, 두 근의 곱)","[10공수1-02-03] $a$ 가 자연수이므로 분모와 분자에서 $a$ 를 약분하여 식을 간단히 한 뒤, 대각선으로 곱하여 일차방정식을 풀어냄"
2017/2017.6모나_28.md,2,구간 내의 양 끝점과 극점의 함숫값을 비교하여 미지수 도출하기,12미적Ⅰ-02-08,"키워드 미매칭 (코드: 12미적Ⅰ-02-08, 키워드: 그래프의 개형, 그래프의 개형, 개형, 오목, 볼록)","[12미적Ⅰ-02-08] 양 끝점($-a, a$)과 구간 내 극점($\frac{a}{3}$)의 함숫값을 각각 구하여 비교하고, 이 중 최솟값(극"
2017/2017.6모나_20.md,2,초기항으로부터 특정 시점까지의 누적된 변화량의 매개변수 식 전개,12대수03-04,"키워드 미매칭 (코드: 12대수03-04, 키워드: 시그마, 합의 기호, 시그마, ∑, \sum)","[12대수03-04] 앞서 도출한 주기적 변화량을 활용하여 $a_1$에서 $a_{13}$까지의 변화를 계산하고, 남은 항들을 개별적으로 합산합니"
2017/2017.6모나_20.md,3,주어진 특정 항의 결괏값을 연립하여 초기 변수의 수치적 값 결정,10공수1-02-11,"키워드 미매칭 (코드: 10공수1-02-11, 키워드: 이차부등식, 연립이차부등식, 이차부등식, 연립이차부등식)",[10공수1-02-11] 도출된 $a+4 = 43$이라는 일차방정식을 풀어 미지수 $a$의 값을 산출합니다.
2017/2017.6모나_21.md,2,극값의 위치 정보와 함숫값의 부호를 결합한 극값의 절댓값 크기 비교,12미적Ⅰ-02-08,"키워드 미매칭 (코드: 12미적Ⅰ-02-08, 키워드: 그래프의 개형, 그래프의 개형, 개형, 오목, 볼록)",[12미적Ⅰ-02-08] 극대값이 음수인 경우 모든 극값이 음수임을 이용하여 수직선상에서의 위치를 분석합니다.
2017/2017.6모나_21.md,4,대칭적 극값 조건을 만족하는 함숫값과 상수 함수 사이의 교점 개수 분석,12미적Ⅰ-02-09,"키워드 미매칭 (코드: 12미적Ⅰ-02-09, 키워드: 방정식과 부등식, 문제해결, 방정식과 부등식, 근의 개수, 실근의 개수)",[12미적Ⅰ-02-09] $f(0) = -f(2) = k (k>0)$인 대칭 상태의 $|f(x)|$ 그래프를 그리고 직선 $y=k$와의 교점을 
2017/2017.6모나_29.md,2,거리 함수들의 교점 탐색을 통한 최솟값 함수의 분기점 및 우위 영역 결정,10공수1-02-11,"키워드 미매칭 (코드: 10공수1-02-11, 키워드: 이차부등식, 연립이차부등식, 이차부등식, 연립이차부등식)",[10공수1-02-11] 각 구간($x<1$ 및 $x \geq 1$)에서 $h_A(x) = h_B(x)$가 되는 방정식을 풀어 거리의 우위가 바
2017/2017.6모나_30.md,3,거듭제곱 조건에 따른 정수 변수들의 존재 영역 탐색 및 후보군 산출,10공수1-02-11,"키워드 미매칭 (코드: 10공수1-02-11, 키워드: 이차부등식, 연립이차부등식, 이차부등식, 연립이차부등식)","[10공수1-02-11] 자연수 $k$를 $1, 2, 3, \dots$로 변화시키며, $n \leq 20$인 범위 내에서 조건을 만족하는 자연수"
2017/2017.6모나_30.md,4,특정 조건을 부합하는 변수 집합의 최종 합산 및 결정,12대수03-04,"키워드 미매칭 (코드: 12대수03-04, 키워드: 시그마, 합의 기호, 시그마, ∑, \sum)","[12대수03-04] 추출된 $n$ 값들 중 중복을 제거하고 총합을 구합니다. (상세 검증 시 $n=5, 6, 9, 10, 12, 13, 15,"
2017/2017.9모나_09.md,2,좌변과 나뉘어진 우변을 비교하여 원하는 위치의 항 값 소거 도출하기,12대수03-05,"키워드 미매칭 (코드: 12대수03-05, 키워드: 여러 가지 수열, 수열의 합, 계차수열, 군수열, 분수형)","[12대수03-05] 좌변의 첫째항부터 7항까지의 합과 우변의 첫째항부터 6항까지의 합 구조를 비교하여, 우변 항들을 좌변으로 이항 시 일괄 소"
2017/2017.9모나_12.md,1,조건 명제의 부정을 구하고 그에 따른 진리집합 역산하기,12확통03-02,"키워드 미매칭 (코드: 12확통03-02, 키워드: 기댓값, 표준편차, 이산확률변수, 기댓값, 분산)","[12확통03-02] 조건 $p: x(x-11) \geq 0$ 의 등호 포함 이상 기호($\geq$)를 부정하여, 등호를 제외한 미만 기호($<"
2017/2017.9모나_12.md,2,구해진 부등식의 범위 내에 속하는 정수 원소 찾아 개수 세기,10공수1-02-03,"키워드 미매칭 (코드: 10공수1-02-03, 키워드: 근과 계수의 관계, 근과 계수, 비에타, 두 근의 합, 두 근의 곱)",[10공수1-02-03] $0 < x < 11$ 구간 내에서 조건 '정수 $x$'에 속하는 자연수 후보군들을 확정짓고 그 개수를 계산
2017/2017.9모나_13.md,1,제한된 상황에 집중하여 표에서 조건부 확률의 수치 파악하기,12확통02-04,"키워드 미매칭 (코드: 12확통02-04, 키워드: 조건부확률, 조건부확률, p(a|b), p(b|a))","[12확통02-04] 조건문에 따라 전체 조사 인원 20명이 아닌 '남학생 합계' 줄만을 새로운 분모의 기준으로 삼고, 그 남학생들 중 '과목 "
2017/2017.9모나_13.md,2,추출한 수치를 확률의 분수 꼴로 완성하기,12확통02-04,"키워드 미매칭 (코드: 12확통02-04, 키워드: 조건부확률, 조건부확률, p(a|b), p(b|a))",[12확통02-04] $\frac{\text{남학생이면서 B를 선택한 인원}}{\text{전체 남학생 인원}}$ 공식에 추출 값 대입
2017/2017.9모나_20.md,1,도함수의 함숫값 대칭성을 활용한 도함수 식 구성 및 대칭축 산출,12미적Ⅰ-02-07,"키워드 미매칭 (코드: 12미적Ⅰ-02-07, 키워드: 증가와 감소, 극대와 극소, 증가와 감소, 극대와 극소, 극대)","[12미적Ⅰ-02-07] 삼차함수의 도함수인 이차함수가 두 지점에서 같은 값을 가짐을 이용하여, 포물선의 대칭축이 두 지점의 중점인 $x=0$임"
2017/2017.9모나_20.md,2,함수의 증감 상태와 극값 정보를 이용한 삼차함수의 그래프 특징 분석,12미적Ⅰ-02-08,"키워드 미매칭 (코드: 12미적Ⅰ-02-08, 키워드: 그래프의 개형, 그래프의 개형, 개형, 오목, 볼록)","[12미적Ⅰ-02-08] 도함수에 $x=-2$를 대입하여 $12a+b=0 \implies b=-12a$ 관계를 얻고, $x=-2$에서 부호가 양"
2017/2017.9모나_21.md,1,고차다항함수의 인수 분해 구조와 실근의 개수 조건을 결합한 함수 형태의 추론,10공수1-01-02,"키워드 미매칭 (코드: 10공수1-01-02, 키워드: 항등식, 나머지정리, 나머지정리, 인수정리, 나머지)","[10공수1-01-02] 실근이 3개인 사차함수는 어느 한 근이 중근임을 파악하고, $f(x) = a(x-0)(x-2)(x-3)(x-c)$ ($"
2017/2017.9모나_21.md,3,중근의 위치에 따른 도함수의 대수적 특성을 반영한 계수의 임계값 산출,10공수1-02-11,"키워드 미매칭 (코드: 10공수1-02-11, 키워드: 이차부등식, 연립이차부등식, 이차부등식, 연립이차부등식)","[10공수1-02-11] 세 가지 케이스에 대해 각각 미분계수를 계산하고, $a$의 범위를 결정합니다."
2017/2017.9모나_21.md,4,도출된 계수의 범위를 적용한 특정 지점에서의 함숫값 상한선 결정,12대수01-04,"키워드 미매칭 (코드: 12대수01-04, 키워드: 로그의 뜻, 로그의 성질, 로그, log, 상용로그)",[12대수01-04] $a$의 최솟값(절댓값이 가장 큰 값)을 대입하여 $f(1)$을 극대화합니다.
2017/2017.9모나_28.md,2,변수 대치와 선형 가중치를 반영한 피적분 함수의 대수적 전개,10공수1-01-03,"키워드 미매칭 (코드: 10공수1-01-03, 키워드: 인수분해, 인수분해, 공통인수)",[10공수1-01-03] 주어진 $f(x) = 4x^2 + 6x + 32$에 $x$를 곱하여 다항식의 일반형으로 전개합니다.
2017/2017.9모나_29.md,3,극소 지점에서의 정적분 값을 분수 계산으로 도출하고 기약분수 분모분자 합산하기,10공수1-02-11,"키워드 미매칭 (코드: 10공수1-02-11, 키워드: 이차부등식, 연립이차부등식, 이차부등식, 연립이차부등식)","[10공수1-02-11] $I(3)$을 계산하여 기약분수 $\frac{q}{p}$ 형태인 $\frac{37}{6}$을 얻고, $p+q$를 계산합"
2017/2017.9모나_30.md,1,정수 꼭짓점 사각형의 기하학적 분류와 변의 길이에 따른 유효 후보군 추출,10공수1-01-01,"키워드 미매칭 (코드: 10공수1-01-01, 키워드: 다항식, 사칙연산, 전개, 곱셈공식)",[10공수1-01-01] 변의 길이의 제곱($s^2$)이 정수여야 함을 이용하여 가능한 모든 정사각형의 형태(기본형 및 회전형)를 분류합니다.
2017/2017.9모나_30.md,3,탐색 범위 확장에 따른 유효 형상의 누적 개수를 나타내는 이산적 함수 수식화,10공수1-03-01,"키워드 미매칭 (코드: 10공수1-03-01, 키워드: 합의 법칙, 곱의 법칙, 경우의 수, 합의 법칙, 곱의 법칙)",[10공수1-03-01] $n$의 범위에 따라 새롭게 추가되는 사각형 유형들을 반영하여 $f(n)$을 $n$에 관한 일차식들의 합으로 표현합니다
2017/2017.9모나_30.md,4,누적 개수 함수와 목표 상수 사이의 대소 관계 분석을 통한 최대 탐색 범위 결정,10공수1-02-11,"키워드 미매칭 (코드: 10공수1-02-11, 키워드: 이차부등식, 연립이차부등식, 이차부등식, 연립이차부등식)","[10공수1-02-11] $f(n)$이 400에 근접하는 $n$의 범위를 추정하고, 해당 구간에서의 증가율을 고려하여 정확한 최댓값을 계산합니다"
2017/2017수능나_13.md,1,조건부 확률로 B 선택 남학생 수 결정 후 여학생 수 산출,12확통02-04,"키워드 미매칭 (코드: 12확통02-04, 키워드: 조건부확률, 조건부확률, p(a|b), p(b|a))",[12확통02-04] B선택 총원=360-160=200명. P(남|B)=m/200=2/5 → m=80. B선택 여학생=120명. 전체 여학생=7
2017/2017수능나_19.md,1,대각선·직선 이동의 조합으로 최소·최대 점프 횟수 범위를 결정하기,12확통01-01,"키워드 미매칭 (코드: 12확통01-01, 키워드: 중복순열, 같은 것이 있는 순열, 중복순열, 같은 것이 있는 순열, 원순열)","[12확통01-01] 대각선 최대 min(4,3)=3번, x이동 1번 → 최소 k=4. 최대 4+3=7=k+3 ✓"
2017/2017수능나_19.md,2,이동 종류별 횟수 배분과 다항계수로 특정 점프 수의 경우의 수 계산하기,12확통01-01,"키워드 미매칭 (코드: 12확통01-01, 키워드: 중복순열, 같은 것이 있는 순열, 중복순열, 같은 것이 있는 순열, 원순열)","[12확통01-01] X=6: 대각선 1, x이동 3, y이동 2 (x합=4, y합=3 ✓). 순열 수 $=\dfrac{6!}{1!\,3!\,2"
2017/2017수능나_19.md,3,모든 경우의 합산으로 전체 경우의 수를 확정하여 빈칸의 세 값의 합 산출하기,12확통01-01,"키워드 미매칭 (코드: 12확통01-01, 키워드: 중복순열, 같은 것이 있는 순열, 중복순열, 같은 것이 있는 순열, 원순열)",[12확통01-01] $N=4+30+60+35=129$. 검증: $\mathrm{E}(X)=\dfrac{4\cdot4+5\cdot30+6\cdo
2017/2017수능나_20.md,2,함수의 증감 상태와 정적분 정의를 결합한 특정 지점의 함숫값 산출,10공수1-02-11,"키워드 미매칭 (코드: 10공수1-02-11, 키워드: 이차부등식, 연립이차부등식, 이차부등식, 연립이차부등식)",[10공수1-02-11] 두 식이 모든 $t>k$에 대해 같아야 함을 이용하여 미지수 $f(k)$의 수치적 값을 도출합니다.
2017/2017수능나_20.md,3,모든 변수 영역에서의 부등식 성립 조건을 활용한 매개변수 범위의 제약,10공수1-02-03,"키워드 미매칭 (코드: 10공수1-02-03, 키워드: 근과 계수의 관계, 근과 계수, 비에타, 두 근의 합, 두 근의 곱)","[10공수1-02-03] 만약 $k > 1$이라면 $t \in (1, k]$ 구간에서 도함수가 항상 음수이므로 다른 형태의 식이 성립함을 보이고"
2017/2017수능나_20.md,4,도출된 임계점의 특성과 정적분 수치를 활용한 종합적 진위 판별,12미적Ⅰ-03-04,"키워드 미매칭 (코드: 12미적Ⅰ-03-04, 키워드: 부정적분과 정적분의 관계, 부정적분과 정적분, 미적분의 기본정리, 기본정리, 정적분으로 정의된)","[12미적Ⅰ-03-04] 정적분의 기본 정리를 이용하여 해당 값을 $f(k) - f(0)$으로 계산하고, 극대/극소의 대소 관계를 적용합니다."
2017/2017수능나_21.md,1,평면 영역 분할 조건하에서의 대칭적 격자점 분포와 개수 차이의 수치적 구조 분석,10공수1-03-01,"키워드 미매칭 (코드: 10공수1-03-01, 키워드: 합의 법칙, 곱의 법칙, 경우의 수, 합의 법칙, 곱의 법칙)","[10공수1-03-01] 원의 내부 격자점 집합이 중심 $(n, f(n))$에 대해 대칭임을 활용하여, 차이값 $A_n - B_n$을 각 열($"
2017/2017수능나_21.md,3,곡선의 굴곡이 변화하는 비선형 구간에서의 격자점별 위치 관계 분석 및 직접 합산,10공수1-02-11,"키워드 미매칭 (코드: 10공수1-02-11, 키워드: 이차부등식, 연립이차부등식, 이차부등식, 연립이차부등식)","[10공수1-02-11] 각 $n$에 대하여 $x=n \pm 1, n \pm 2$에서의 $f(x)$ 값과 정수 $y$ 좌표들의 대소 관계를 하나"
2017/2017수능나_22.md,1,순열 공식과 조합 공식을 각각 적용하여 두 값의 합 계산하기,12확통01-01,"키워드 미매칭 (코드: 12확통01-01, 키워드: 중복순열, 같은 것이 있는 순열, 중복순열, 같은 것이 있는 순열, 원순열)","[12확통01-01] $_5P_2=5\times4=20$, $_5C_2=\dfrac{5\times4}{2}=10$. 합$=30$"
2017/2017수능나_26.md,1,"수직 조건으로 접선 기울기 결정 후 a, b 산출",12미적Ⅰ-02-02,"키워드 미매칭 (코드: 12미적Ⅰ-02-02, 키워드: 미분가능성, 연속성, 미분가능성, 연속성, 미분가능)",[12미적Ⅰ-02-02] 접선 기울기: $-\dfrac{1}{2}\cdot m=-1$ → $m=2$. $f'(1)=3-a=2$ → $a=1$. 
2017/2017수능나_27.md,1,지수를 2의 거듭제곱으로 통일하여 8의 배수 조건을 지수 부등식으로 변환하기,12대수01-03,"키워드 미매칭 (코드: 12대수01-03, 키워드: 지수법칙의 활용, 밑의 조건, 지수법칙, 지수방정식, 지수부등식)",[12대수01-03] $2^a\times4^b=2^{a+2b}$. 8의 배수 ↔ $a+2b\geq3$
2017/2017수능나_29.md,2,이산적 수 체계 조건을 적용한 모집단 매개변수의 유일한 수치 확정,10공수1-02-11,"키워드 미매칭 (코드: 10공수1-02-11, 키워드: 이차부등식, 연립이차부등식, 이차부등식, 연립이차부등식)",[10공수1-02-11] 앞서 구한 범위 $13.5 < m < 15$를 만족하는 자연수를 탐색합니다.
2017/2017수능나_30.md,2,이차식의 완전제곱 형태 변환을 통한 x와 g(x) 사이의 함수적 대응 관계 분석,10공수1-02-03,"키워드 미매칭 (코드: 10공수1-02-03, 키워드: 근과 계수의 관계, 근과 계수, 비에타, 두 근의 합, 두 근의 곱)","[10공수1-02-03] 각 변에 $1$을 더해 $(2x-1)^2 = (t-1)^2$ 꼴로 변형한 후, 절댓값을 풀어 $t$를 $x$에 대한 일"
2017/2017수능나_30.md,3,특정 정의역 구간에서의 치역 분석을 통한 실근 존재를 보장하는 매개변수 영역의 탐색,10공수1-02-11,"키워드 미매칭 (코드: 10공수1-02-11, 키워드: 이차부등식, 연립이차부등식, 이차부등식, 연립이차부등식)","[10공수1-02-11] 두 케이스에 대해 $k$를 $x$에 대한 함수로 정리하고, $x \in [0, 1]$에서의 치역(Range)을 각각 구"
2017/2017수능나_30.md,4,결정된 매개변수의 임계 상태를 활용한 최종 결과의 대수적 계산,12대수01-04,"키워드 미매칭 (코드: 12대수01-04, 키워드: 로그의 뜻, 로그의 성질, 로그, log, 상용로그)",[12대수01-04] 최솟값 $m = -8$과 최댓값 $M = 1$을 각각 제곱하여 합산합니다.
2018/2018.6모나_02.md,1,차집합의 정의를 이용하여 공통원소를 제외하고 원소의 합 구하기,10공수2-02-03,"키워드 미매칭 (코드: 10공수2-02-03, 키워드: 집합의 연산, 벤 다이어그램, 교집합, 합집합, 여집합)",[10공수2-02-03] 집합 $A$ 의 원소 중 집합 $B$ 에 속하는 원소를 제외하여 집합 $A-B$ 를 구하고 원소들의 합 계산
2018/2018.6모나_19.md,3,자연수 조건에서 약수 관계를 분석하여 유일한 해를 탐색하기,9수01-02,"키워드 미매칭 (코드: 9수01-02, 키워드: 최대공약수, 최소공배수, gcd, lcm)","[9수01-02] 미정 $a$ 가 자연수가 되기 위해서는 분수의 분모 값이 분자의 약수가 되어야 하는 논리를 바탕으로, 제약조건인 $n\geq4"
2018/2018.6모나_07.md,1,경유지를 기준으로 구간을 분리하여 최단경로 수를 곱의 법칙으로 산출하기,12확통01-01,"키워드 미매칭 (코드: 12확통01-01, 키워드: 중복순열, 같은 것이 있는 순열, 중복순열, 같은 것이 있는 순열, 원순열)","[12확통01-01] 격자: 가로 5칸, 세로 3칸. A=(0,0), P=(2,2), B=(5,3). A→P: 오른쪽 2번, 위 2번 총 4걸음"
2018/2018.6모나_20.md,3,평행한 두 접선 사이의 수평 간격과 높이를 결합한 평면 영역의 넓이 수식화,10공수1-01-03,"키워드 미매칭 (코드: 10공수1-01-03, 키워드: 인수분해, 인수분해, 공통인수)","[10공수1-01-03] 두 접선의 방정식을 각각 세워 동일한 $y$ 높이에서의 $x$ 좌표 차이(밑변의 길이 $W$)를 구하고, 넓이 공식 $"
2018/2018.6모나_20.md,4,정량화된 넓이 수치와 대수적 표현식의 일치를 통한 미지수의 수치 결정,10공수1-02-11,"키워드 미매칭 (코드: 10공수1-02-11, 키워드: 이차부등식, 연립이차부등식, 이차부등식, 연립이차부등식)",[10공수1-02-11] $\frac{128}{27}k^4 = 24$ 방정식을 정리하여 양수 $k$의 값을 직접 계산합니다.
2018/2018.6모나_21.md,3,매개변수 변화에 따른 격자점별 부등식 만족 여부의 임계 상태 분석,10공수1-02-11,"키워드 미매칭 (코드: 10공수1-02-11, 키워드: 이차부등식, 연립이차부등식, 이차부등식, 연립이차부등식)","[10공수1-02-11] 각 $x$별로 $|f(x)|$가 정수 값을 가질 때의 $k$를 구하여, 해당 $k$ 범위에서 부등식을 만족하는 $y$의"
2018/2018.6모나_21.md,4,격자점 총개수 조건을 만족하는 매개변수의 범위 결정 및 자연수 개수 산출,12미적Ⅰ-02-09,"키워드 미매칭 (코드: 12미적Ⅰ-02-09, 키워드: 방정식과 부등식, 문제해결, 방정식과 부등식, 근의 개수, 실근의 개수)",[12미적Ⅰ-02-09] 각 $x$별 유효 순서쌍의 합인 $N(k)$가 $2 \leq N(k) \leq 4$를 만족하는 자연수 $k$의 영역을 
2018/2018.6모나_29.md,2,수열의 특정 값 일치 조건을 활용한 초기항과 변화율 사이의 대칭적 관계 수식화,10공수1-02-03,"키워드 미매칭 (코드: 10공수1-02-03, 키워드: 근과 계수의 관계, 근과 계수, 비에타, 두 근의 합, 두 근의 곱)","[10공수1-02-03] $4a + 15d = a + 9d$라는 방정식을 세우고, $a$와 $d$ 사이의 대수적 관계를 산출합니다."
2018/2018.6모나_29.md,3,단일 변수로 대치된 수열의 표현식을 이용한 두 항 사이의 상대적 비율 산출,12대수03-04,"키워드 미매칭 (코드: 12대수03-04, 키워드: 시그마, 합의 기호, 시그마, ∑, \sum)",[12대수03-04] $b_8 = 4a + 14d$ 및 $b_{10} = a + 9d$ 식에 $a = -2d$를 대입하여 수치적으로 계산합니다.
2018/2018.6모나_29.md,4,서로소 조건 확인 후 분자 분모의 합산을 통한 최종 결과 산출,10공수1-02-11,"키워드 미매칭 (코드: 10공수1-02-11, 키워드: 이차부등식, 연립이차부등식, 이차부등식, 연립이차부등식)",[10공수1-02-11] 분모 $p=7$과 분자 $q=6$을 합산하여 최종 결과를 산출합니다.
2018/2018.6모나_30.md,1,두 함수의 교점 정보와 미분 가능성을 활용한 차함수의 대수적 인수분해,10공수1-01-02,"키워드 미매칭 (코드: 10공수1-01-02, 키워드: 항등식, 나머지정리, 나머지정리, 인수정리, 나머지)",[10공수1-01-02] 두 함수의 함숫값과 미분계수가 같은 지점을 이용하여 차함수 $h(x) = f(x) - g(x)$의 인수를 결정합니다.
2018/2018.6모나_30.md,2,도함수의 영점 조건과 차함수의 고차 인수를 통한 근 사이의 대수적 관계 도출,12미적Ⅰ-02-04,"키워드 미매칭 (코드: 12미적Ⅰ-02-04, 키워드: 미분법, 다항함수, 미분법, 곱의 미분, 다항함수)","[12미적Ⅰ-02-04] $h'(\beta) = 0$임을 이용하고, $h(x)$를 미분한 식에 $x=\beta$를 대입하여 근 사이의 관계를 파"
2018/2018.6모나_30.md,3,이차함수와 도함수의 함숫값 차이를 이용한 매개변수 간의 수치적 분석,12미적Ⅰ-02-05,"키워드 미매칭 (코드: 12미적Ⅰ-02-05, 키워드: 접선의 기울기, 접선의 방정식, 접선의 기울기, 접선의 방정식, 접선)",[12미적Ⅰ-02-05] 이차함수의 도함수가 일차함수라는 성질을 활용하여 두 지점 사이의 거리를 계산합니다.
2018/2018.6모나_30.md,4,매개변수 관계식을 차함수에 대입하여 특정 지점에서의 두 함수의 편차 산출하기,10공수1-01-03,"키워드 미매칭 (코드: 10공수1-01-03, 키워드: 인수분해, 인수분해, 공통인수)","[10공수1-01-03] 구하는 식이 $-h(\beta+1)$과 같음을 파악하고, 앞서 구한 $k = \alpha + 32/3$와 $\beta "
2018/2018.9모나_27.md,2,표준정규분포표와 대조하여 부등식을 풀고 표본 크기 최솟값을 산출하기,12확통03-07,"키워드 미매칭 (코드: 12확통03-07, 키워드: 모평균 추정, 모비율 추정, 공학 도구 활용, 모평균 추정, 모비율 추정)","[12확통03-07] 부등식을 $\mathrm{P}(0 \leq Z \leq 0.2\sqrt{n}) \geq 0.3413$ 으로 변환하고, 표준"
2018/2018.9모나_20.md,1,교점의 개수를 보조 함수의 실근 개수로 변환한 대수적 변환,10공수1-02-03,"키워드 미매칭 (코드: 10공수1-02-03, 키워드: 근과 계수의 관계, 근과 계수, 비에타, 두 근의 합, 두 근의 곱)","[10공수1-02-03] 방정식 $f(x) = -x + t$를 변형하여 $f(x) + x = t$로 정리하고, 보조 함수 $H(x) = f(x)"
2018/2018.9모나_20.md,2,보조 함수의 단조성을 이용한 특정 함수군에서의 개수 불변성 확인,12미적Ⅰ-02-07,"키워드 미매칭 (코드: 12미적Ⅰ-02-07, 키워드: 증가와 감소, 극대와 극소, 증가와 감소, 극대와 극소, 극대)",[12미적Ⅰ-02-07] $H(x) = x^3 + x$의 도함수 $H'(x) = 3x^2 + 1$의 부호를 분석합니다.
2018/2018.9모나_20.md,3,극값의 존재성과 접선 조건을 결합한 수평 교점 개주의 가변성 분석,12미적Ⅰ-02-08,"키워드 미매칭 (코드: 12미적Ⅰ-02-08, 키워드: 그래프의 개형, 그래프의 개형, 개형, 오목, 볼록)","[12미적Ⅰ-02-08] 삼차함수 $H(x)$가 수평선과 두 점에서 만난다는 것은 해당 높이($t=1$)가 극대 또는 극소임을 의미하며, 이는 "
2018/2018.9모나_20.md,4,반례 구성을 통한 도함수 범위와 상숫값 성질 사이의 필요조건 검증,10공수1-02-11,"키워드 미매칭 (코드: 10공수1-02-11, 키워드: 이차부등식, 연립이차부등식, 이차부등식, 연립이차부등식)",[10공수1-02-11] $H(x) = f(x)+x$가 증가함수일 조건($f'(x) \geq -1$)이 $f(x)$의 극값 미존재 조건($f'(
2018/2018.9모나_21.md,4,도출된 계수들 사이의 대수적 관계를 활용한 특정 수식의 수치적 값 결정,10공수1-02-03,"키워드 미매칭 (코드: 10공수1-02-03, 키워드: 근과 계수의 관계, 근과 계수, 비에타, 두 근의 합, 두 근의 곱)","[10공수1-02-03] 구한 관계식 $a=b-1, c=1-b$를 목표 식에 대입하여 변수를 소거합니다."
2018/2018수능나_08.md,1,분할 경우를 열거하여 방법의 수 산출,10공수1-03-01,"키워드 미매칭 (코드: 10공수1-03-01, 키워드: 합의 법칙, 곱의 법칙, 경우의 수, 합의 법칙, 곱의 법칙)","[10공수1-03-01] 합이 11이 되는 {3,…,7} 원소 분할 열거: (7,4), (6,5), (5,3,3), (4,4,3) → 4가지"
2018/2018수능나_11.md,1,곡선의 x절편 파악 후 자연수 격자점 열거,10공수2-03-04,"키워드 미매칭 (코드: 10공수2-03-04, 키워드: 유리함수, 그래프의 성질, 유리함수, 점근선)",[10공수2-03-04] $y=\dfrac{1}{2x-8}+3$의 $y=0$: $x=\dfrac{23}{6}\approx3.83$. 자연수 $x
2018/2018수능나_18.md,1,극한 존재 조건으로 f(x)의 인수 결정 후 f(3) 산출,12미적Ⅰ-02-01,"키워드 미매칭 (코드: 12미적Ⅰ-02-01, 키워드: 미분계수, 순간변화율, 미분계수, 순간변화율, 평균변화율)",[12미적Ⅰ-02-01] $(x-2)\to0$이므로 극한 존재를 위해 $f(2)=0$. $f(x)=(x-1)(x-2)(x-a)$로 설정. $\l
2018/2018수능나_20.md,2,특정 지점의 정량적 정보를 대입한 도함수의 유일한 수식 확정,10공수1-02-11,"키워드 미매칭 (코드: 10공수1-02-11, 키워드: 이차부등식, 연립이차부등식, 이차부등식, 연립이차부등식)",[10공수1-02-11] 앞선 단계에서 설정한 $f^{\prime}(x)$ 식에 $x=2$를 대입하여 매개변수 $b$의 값을 결정합니다.
2018/2018수능나_20.md,3,도함수의 영점 위치와 부호 변화 분석을 통한 원함수의 극대/극소 판별,12미적Ⅰ-02-08,"키워드 미매칭 (코드: 12미적Ⅰ-02-08, 키워드: 그래프의 개형, 그래프의 개형, 개형, 오목, 볼록)",[12미적Ⅰ-02-08] 도함수 $4x^2(x-1)$의 부호가 $x=1$에서만 음에서 양으로 변하고 $x=0$에서는 변하지 않음을 해석합니다.
2018/2018수능나_21.md,3,주기적 관계를 만족하는 원소 쌍의 기하학적 대칭 교선 탐색,10공수2-03-03,"키워드 미매칭 (코드: 10공수2-03-03, 키워드: 역함수, 역함수)","[10공수2-03-03] $y=f(x)$와 그 역관계인 $x=f(y)$(즉, $y=f^{-1}(x)$의 다가함수 형태)의 교점 중 $y=x$ 위"
2018/2018수능나_28.md,3,사건의 대칭성을 활용한 보조적 산출 결과의 검증 및 최종 확률값 결정,10공수1-02-11,"키워드 미매칭 (코드: 10공수1-02-11, 키워드: 이차부등식, 연립이차부등식, 이차부등식, 연립이차부등식)",[10공수1-02-11] 산출된 경우의 수를 전체 경우의 수로 나누어 확률을 구하고 기약분수 형태로 정리합니다.
2018/2018수능나_29.md,2,미분법을 활용한 곡선의 국소적 기울기와 직선 기울기의 일치 지점 탐색,12미적Ⅰ-02-07,"키워드 미매칭 (코드: 12미적Ⅰ-02-07, 키워드: 증가와 감소, 극대와 극소, 증가와 감소, 극대와 극소, 극대)",[12미적Ⅰ-02-07] $x>1$ 영역에서 $f'(x) = 6x^2 - 6x$가 직선 $g(x)$의 기울기인 $12$와 같아지는 지점을 찾습니
2018/2018수능나_29.md,3,곡선의 볼록성을 활용한 접선 상태 분석과 경계 매개변수 값의 수치적 산출,10공수1-02-03,"키워드 미매칭 (코드: 10공수1-02-03, 키워드: 근과 계수의 관계, 근과 계수, 비에타, 두 근의 합, 두 근의 곱)","[10공수1-02-03] 접점의 좌표를 직선 식에 대입하여 미지수 $k$를 구하고, $f(x)$가 아래로 볼록(convex)한 성질을 이용하여 "
2018/2018수능나_29.md,4,확정된 분기점 및 기약분수 경계값의 분모와 분자를 합산하여 최종 결과 산출하기,10공수1-02-11,"키워드 미매칭 (코드: 10공수1-02-11, 키워드: 이차부등식, 연립이차부등식, 이차부등식, 연립이차부등식)","[10공수1-02-11] 앞서 구한 $a=1$, $p=12$, $q=19$를 모두 더하여 최종 수치를 구합니다."
2019/2019.6모나_19.md,1,b값을 기준으로 경우를 분류하여 부등식 조건을 만족하는 순서쌍의 수를 구하기,10공수1-03-03,"키워드 미매칭 (코드: 10공수1-03-03, 키워드: 조합, 조합, ncr, 이항계수)","[10공수1-03-03] 주사위의 눈은 $1$ 에서 $6$ 사이의 자연수임에 착안하여 주어진 부등식의 논리 분기 기준인 $b$ 에 가능한 $4,"
2019/2019.6모나_21.md,1,부등식 조건을 삼차함수의 계수에 대입하여 미정계수의 수치적 범위 제한하기,12대수01-01,"키워드 미매칭 (코드: 12대수01-01, 키워드: 거듭제곱, 거듭제곱근, 거듭제곱근, n제곱근, 제곱근)","[12대수01-01] $f(1), f(-1)$을 계수 $a, b$로 표현한 후 연립부등식 풀이"
2019/2019.6모나_27.md,1,집합 조건 해석 후 n(B-A) 최댓값 산출,10공수2-02-03,"키워드 미매칭 (코드: 10공수2-02-03, 키워드: 집합의 연산, 벤 다이어그램, 교집합, 합집합, 여집합)",[10공수2-02-03] (나): $A\cap(A^C\cup B)=A\cap B\ne\varnothing$ → $n(A\cap B)\geq1$.
2019/2019.6모나_28.md,1,불연속 조건으로 영점 결정 후 극한 조건으로 계수 산출,12미적Ⅰ-01-04,"키워드 미매칭 (코드: 12미적Ⅰ-01-04, 키워드: 연속함수의 성질, 중간값 정리, 최대최소 정리, 최대, 최소)","[12미적Ⅰ-01-04] $x/f(x)$가 $x=c$에서 불연속이 되려면 $f(c)=0$ (분모 $=0$). 따라서 $f(1)=0$, $f(2)"
2019/2019.6모나_29.md,1,경계점에서의 연속 조건으로 계수들의 관계식 수립하기,12미적Ⅰ-01-04,"키워드 미매칭 (코드: 12미적Ⅰ-01-04, 키워드: 연속함수의 성질, 중간값 정리, 최대최소 정리, 최대, 최소)",[12미적Ⅰ-01-04] $x=1$에서 연속: $\lim_{x\to1^-}(ax+b)=a+b=c+\dfrac{5}{2}$. 역함수 존재 조건(단
2019/2019.6모나_29.md,2,역함수 교점 조건으로 계수 결정 및 구하는 값 계산,12미적Ⅰ-01-04,"키워드 미매칭 (코드: 12미적Ⅰ-01-04, 키워드: 연속함수의 성질, 중간값 정리, 최대최소 정리, 최대, 최소)",[12미적Ⅰ-01-04] $y=f(x)$와 $y=f^{-1}(x)$의 교점은 (i) $f(\alpha)=\alpha$ (직선 $y=x$ 위의 점
2019/2019.6모나_30.md,2,평균변화율 조건과 함숫값의 대소 관계를 분석하여 사차함수의 다항식 구조 특정하기,12미적Ⅰ-02-07,"키워드 미매칭 (코드: 12미적Ⅰ-02-07, 키워드: 증가와 감소, 극대와 극소, 증가와 감소, 극대와 극소, 극대)","[12미적Ⅰ-02-07] $n=3, 4$일 때 $f(n+2) \le f(n)$ 관계를 앞서 구한 귀납적 정의 결과와 연립"
2019/2019.6모나_30.md,3,특정 지점의 함숫값을 다항식에 대입하여 문제에서 요구하는 최종 수치 산출하기,12대수01-01,"키워드 미매칭 (코드: 12대수01-01, 키워드: 거듭제곱, 거듭제곱근, 거듭제곱근, n제곱근, 제곱근)",[12대수01-01] 확정된 사차함수 $f(x) = a(x-r_1)(x-r_2)(x-r_3)(x-r_4)$에 $x=5/2$ 대입
2019/2019.9모나_01.md,1,분수 지수를 거듭제곱근 기호로 변환하여 식의 값 계산하기,12대수01-02,"키워드 미매칭 (코드: 12대수01-02, 키워드: 지수의 확장, 유리수 지수, 실수 지수, 지수의 확장, 유리수 지수)",[12대수01-02] $27^{1/3}=\sqrt[3]{27}=3$
2019/2019.9모나_02.md,1,집합 차집합 연산으로 나머지 원소를 확정하고 두 원소의 합 계산하기,10공수2-02-03,"키워드 미매칭 (코드: 10공수2-02-03, 키워드: 집합의 연산, 벤 다이어그램, 교집합, 합집합, 여집합)","[10공수2-02-03] $A-B=\{3,7\}$. 합$=3+7=10$"
2019/2019.9모나_12.md,1,조건부 확률로 야구 여학생 비율 산출,12확통02-04,"키워드 미매칭 (코드: 12확통02-04, 키워드: 조건부확률, 조건부확률, p(a|b), p(b|a))",[12확통02-04] 축구 선택 남학생: $100\times\dfrac{2}{5}=40$명. 야구 선택 여학생: $40-(70-40)=10$명.
2019/2019.9모나_18.md,1,그래프의 구간별 함수식으로 절댓값 합성 함수의 좌·우 극한 판별,12미적Ⅰ-01-04,"키워드 미매칭 (코드: 12미적Ⅰ-01-04, 키워드: 연속함수의 성질, 중간값 정리, 최대최소 정리, 최대, 최소)","[12미적Ⅰ-01-04] 그래프에서: $f(x)=-x-1$($x\in[-1,0)$), $f(0)=\dfrac{1}{2}$, $f(x)=\dfra"
2019/2019.9모나_20.md,1,상자 B 공 개수를 이진 경로로 표현하여 6번째에 처음으로 8이 되는 배열 수 산출,12확통02-02,"키워드 미매칭 (코드: 12확통02-02, 키워드: 확률의 덧셈정리, 확률의 덧셈정리, 덧셈정리, 배반사건, 합사건)","[12확통02-02] 초기 B=6. 앞면 $a$번, 뒷면 $b$번이면 $B=6+a-b$, $a+b=6$. B=8이 되려면 $a-b=2$이므로 $"
2019/2019.9모나_29.md,1,경로 구조 분석으로 A_n 좌표를 이동 거리로 표현,12대수03-05,"키워드 미매칭 (코드: 12대수03-05, 키워드: 여러 가지 수열, 수열의 합, 계차수열, 군수열, 분수형)",[12대수03-05] $A_n$의 누적 거리: $d_n=\sum_{k=1}^{n}\dfrac{2k-1}{25}=\dfrac{n^2}{25}$. 
2019/2019.9모나_29.md,2,y=x 조건으로 정수 n 결정 및 두 번째 점의 x 좌표 산출,12대수03-06,"키워드 미매칭 (코드: 12대수03-06, 키워드: 귀납적 정의, 점화식, 귀납적 정의, 수학적 귀납법)","[12대수03-06] 구간 $[2k,2k+1]$에서 $y=x$: $k=d-k \Rightarrow d=2k$, 즉 $n^2/25=2k \Righ"
2019/2019.9모나_30.md,2,고정점 조건을 활용하여 다항함수의 모델을 설정하고 미지수 사이의 관계 수립하기,12대수01-01,"키워드 미매칭 (코드: 12대수01-01, 키워드: 거듭제곱, 거듭제곱근, 거듭제곱근, n제곱근, 제곱근)","[12대수01-01] $f(x)-x = kx(x-a)(x-b)$로 설정하고 $f(1)=2, f(2)=1$ 대입"
2019/2019수능나_01.md,1,음의 지수와 분수 지수를 지수법칙으로 변환하여 식의 값 계산하기,12대수01-02,"키워드 미매칭 (코드: 12대수01-02, 키워드: 지수의 확장, 유리수 지수, 실수 지수, 지수의 확장, 유리수 지수)",[12대수01-02] $2^{-1}\times16^{1/2}=\dfrac{1}{2}\times4=2$
2019/2019수능나_02.md,1,집합 차집합 연산으로 공통 원소를 제거하고 미지 원소 결정하기,10공수2-02-03,"키워드 미매칭 (코드: 10공수2-02-03, 키워드: 집합의 연산, 벤 다이어그램, 교집합, 합집합, 여집합)","[10공수2-02-03] $A-B=\{5,9\}=\{a,9\}$ → $a=5$"
2019/2019수능나_10.md,1,확률밀도함수 전체 면적 합산 조건으로 경계 상수 결정,12확통03-01,"키워드 미매칭 (코드: 12확통03-01, 키워드: 확률변수, 확률분포, 확률변수, 확률분포, 이산확률변수)",[12확통03-01] 그래프는 사다리꼴 형태. 0→1/3 삼각형 + 1/3→a 직사각형 + a→2 삼각형. 높이는 모두 $\dfrac{3}{4}
2019/2019수능나_10.md,2,결정된 경계값으로 직사각형 구간 넓이를 산출하여 확률 도출,12확통03-01,"키워드 미매칭 (코드: 12확통03-01, 키워드: 확률변수, 확률분포, 확률변수, 확률분포, 이산확률변수)",[12확통03-01] $\mathrm{P}\!\left(\dfrac{1}{3}\leq X\leq1\right)=\left(1-\dfrac{1}{
2019/2019수능나_11.md,1,~p 진리집합의 q 포함 조건으로 a 최솟값 결정,12대수01-02,"키워드 미매칭 (코드: 12대수01-02, 키워드: 지수의 확장, 유리수 지수, 실수 지수, 지수의 확장, 유리수 지수)",[12대수01-02] p: $x<1$ 또는 $x>3$. $\sim p$: $1\leq x\leq3$. $\sim p\subset q$이려면 $a
2019/2019수능나_18.md,1,y좌표가 먼저 3이 되고 x=1인 경우의 확률 산출,12확통02-04,"키워드 미매칭 (코드: 12확통02-04, 키워드: 조건부확률, 조건부확률, p(a|b), p(b|a))","[12확통02-04] y가 처음으로 3이 되고 그 때 x=1이면: 앞 3번 (x=1번, y=2번) + 마지막 뒤면(y+1). 앞 3번의 유효 배"
2019/2019수능나_18.md,2,y가 먼저 3이 되는 전체 확률로 조건부 확률 산출,12확통02-04,"키워드 미매칭 (코드: 12확통02-04, 키워드: 조건부확률, 조건부확률, p(a|b), p(b|a))","[12확통02-04]
  - $P(x=0,y=3)=(1/2)^3=\dfrac{1}{8}$
  - $P(x=1,y=3)=\dfrac{3}{16}$"
2019/2019수능나_21.md,2,연속성 보존을 위한 분모의 근 부재 조건을 미분계수와 연결하여 매개변수 범위 제한하기,10공수1-02-07,"키워드 미매칭 (코드: 10공수1-02-07, 키워드: 삼차방정식, 사차방정식, 삼차방정식, 사차방정식, 삼차)",[10공수1-02-07] $x^2+ax+3=0$이 실근을 갖지 않거나 특정 지점에서만 갖는 판별식 조사
2019/2019수능나_21.md,3,함숫값이 자연수라는 조건과 매개변수의 범위를 대조하여 정답이 되는 최솟값 산출하기,12대수01-01,"키워드 미매칭 (코드: 12대수01-01, 키워드: 거듭제곱, 거듭제곱근, 거듭제곱근, n제곱근, 제곱근)",[12대수01-01] $f(1) = 1(1+a+3) = a+4$ 가 자연수임을 이용해 $a$값의 후보를 좁히고 $g(2)$ 연산
2019/2019수능나_28.md,1,같은 숫자 공 쌍의 이웃 경우를 여사건으로 확률 산출,12확통01-01,"키워드 미매칭 (코드: 12확통01-01, 키워드: 중복순열, 같은 것이 있는 순열, 중복순열, 같은 것이 있는 순열, 원순열)",[12확통01-01] 전체 $=7!=5040$. 흰 공 4와 검은 공 4를 한 묶음으로 보면 6개 배열 $\times$ 내부 순서 2가지 $=2
2019/2019수능나_30.md,1,원점에서의 접선 조건과 함수의 개형을 결합하여 삼차함수와 이차함수의 다항식 구조 특정하기,12대수01-01,"키워드 미매칭 (코드: 12대수01-01, 키워드: 거듭제곱, 거듭제곱근, 거듭제곱근, n제곱근, 제곱근)","[12대수01-01] 최고차항 계수 조건을 포함하여 $f(x) = x^2(x-a)$, $g(x) = -(x-2)^2$ 수립"
2020/2020.6모나_01.md,1,유리수 지수 변환으로 지수식의 값 산출하기,12대수01-01,"키워드 미매칭 (코드: 12대수01-01, 키워드: 거듭제곱, 거듭제곱근, 거듭제곱근, n제곱근, 제곱근)","[12대수01-01] $5^0=1$, $25^{1/2}=5$. $1\times5=5$"
2020/2020.6모나_04.md,1,화살표 그림을 이용하여 함숫값과 역함수값의 합 산출하기,10공수2-03-02,"키워드 미매칭 (코드: 10공수2-03-02, 키워드: 합성함수, 합성함수)","[10공수2-03-02] 그림에서 $f(1)=2$, $f(2)=3$. 역함수: $f^{-1}(3)=2$ ($f(2)=3$ 이므로). $f(1)+"
2020/2020.6모나_06.md,1,확률의 분해 공식을 이용하여 사건의 확률 산출하기,12확통02-02,"키워드 미매칭 (코드: 12확통02-02, 키워드: 확률의 덧셈정리, 확률의 덧셈정리, 덧셈정리, 배반사건, 합사건)",[12확통02-02] $\mathrm{P}(A\cup B)=\mathrm{P}(A)+\mathrm{P}(A^c\cap B)$ → $\frac{3
2020/2020.6모나_12.md,1,두 곡선의 교점 개수 조건을 분석하여 상수의 최댓값 확정하기,12미적Ⅰ-02-09,"키워드 미매칭 (코드: 12미적Ⅰ-02-09, 키워드: 방정식과 부등식, 문제해결, 방정식과 부등식, 근의 개수, 실근의 개수)","[12미적Ⅰ-02-09] $y_1=\frac{6}{x-5}+3$: $x=3$ 에서 $y_1=0$, $x<3$ 에서 $y_1>0$. $y_2=\s"
2020/2020.6모나_13.md,2,근의 곱 조건에 대입하여 방정식의 매개변수 산출하기,12대수03-03,"키워드 미매칭 (코드: 12대수03-03, 키워드: 등비수열, 일반항, 수열의 합, 등비수열, 공비)",[12대수03-03] $\frac{(n+1)(2n-1)}{9}=4(n-4)$ → $2n^2+n-1=36n-144$ → $2n^2-35n+143=
2020/2020.6모나_15.md,1,각 불연속점에서 곱이 0이 되는 조건으로 a 결정,10공수1-02-03,"키워드 미매칭 (코드: 10공수1-02-03, 키워드: 근과 계수의 관계, 근과 계수, 비에타, 두 근의 합, 두 근의 곱)","[10공수1-02-03]
  - $x=0$: $f$가 불연속 ($\lim_{x\to0^-}f=3\neq f(0)=2$). $h$가 연속이 되려면"
2020/2020.6모나_16.md,1,곱이 12가 되는 네 수의 조합 열거로 유효 배열 수 산출,12확통01-01,"키워드 미매칭 (코드: 12확통01-01, 키워드: 중복순열, 같은 것이 있는 순열, 중복순열, 같은 것이 있는 순열, 원순열)","[12확통01-01]
  - $\{1,1,2,6\}$: $\dfrac{4!}{2!}=12$
  - $\{1,1,3,4\}$: $\dfrac{4!"
2020/2020.6모나_19.md,1,사건 확률과 교사건 확률의 일반식 유도로 각 확률값 산출,12확통02-02,"키워드 미매칭 (코드: 12확통02-02, 키워드: 확률의 덧셈정리, 확률의 덧셈정리, 덧셈정리, 배반사건, 합사건)",[12확통02-02] $P(A_k)=\dfrac{k\times7!}{8!}=\dfrac{k}{8}$. $k=4$: $p=\dfrac{4}{8}=
2020/2020.6모나_21.md,3,함수의 주기적 함숫값 분포를 활용하여 조건을 만족하는 자연수 매개변수의 개수 산출하기,12대수03-05,"키워드 미매칭 (코드: 12대수03-05, 키워드: 여러 가지 수열, 수열의 합, 계차수열, 군수열, 분수형)","[12대수03-05] 한 주기 $[0, 8]$ 내에서 $f$값이 일정한 정수 세 쌍을 찾고 주기성을 이용하여 전체 개수 합산"
2020/2020.6모나_23.md,1,평행이동된 함수식에 좌표를 대입하여 미지 상수 확정하기,12미적Ⅰ-01-01,"키워드 미매칭 (코드: 12미적Ⅰ-01-01, 키워드: 함수의 극한, 함수의 극한, 극한, lim, 좌극한)",[12미적Ⅰ-01-01] 이동 후: $y=\frac{2}{x}+4$. $x=2$ 대입: $a=\frac{2}{2}+4=5$
2020/2020.6모나_26.md,1,방정식의 해집합을 이용하여 두 집합의 차집합 산출하기,10공수2-02-03,"키워드 미매칭 (코드: 10공수2-02-03, 키워드: 집합의 연산, 벤 다이어그램, 교집합, 합집합, 여집합)","[10공수2-02-03] $A-B=\{2,4,8,16\}$"
2020/2020.6모나_27.md,1,부등식을 한쪽으로 이항하여 구간 최솟값 조건으로 변환하기,12미적Ⅰ-02-07,"키워드 미매칭 (코드: 12미적Ⅰ-02-07, 키워드: 증가와 감소, 극대와 극소, 증가와 감소, 극대와 극소, 극대)",[12미적Ⅰ-02-07] $h(x)=f(x)-3g(x)=x^3+3x^2-k-3(2x^2+3x-10)=x^3-3x^2-9x+30-k\geq0$ →
2020/2020.6모나_29.md,1,변수 치환으로 단조 순서쌍 열거 문제로 변환,12확통01-02,"키워드 미매칭 (코드: 12확통01-02, 키워드: 중복조합, 중복조합, _nh)","[12확통01-02] $y_1=x_1$, $y_2=x_2-2$, $y_3=x_3-4$로 치환. $x_2\geq x_1+2\Rightarrow y"
2020/2020.9모나_01.md,1,유리수 지수 변환으로 지수식의 값 산출하기,12대수01-01,"키워드 미매칭 (코드: 12대수01-01, 키워드: 거듭제곱, 거듭제곱근, 거듭제곱근, n제곱근, 제곱근)","[12대수01-01] $3^3=27$, $81^{1/2}=9$. $27\div9=3$"
2020/2020.9모나_09.md,1,치역과 정의역 분석을 이용하여 한 사분면 통과 조건에서 상수의 최댓값 확정하기,10공수2-03-04,"키워드 미매칭 (코드: 10공수2-03-04, 키워드: 유리함수, 그래프의 성질, 유리함수, 점근선)",[10공수2-03-04] $x>a>0$ 이면 $x$ 좌표 양수. $y$ 의 최솟값 $=4-a^2$. 오직 1사분면: $4-a^2\geq0$ → 
2020/2020.9모나_11.md,2,통과점 조건에 대입하여 나머지 미지 상수 확정하기,10공수2-03-04,"키워드 미매칭 (코드: 10공수2-03-04, 키워드: 유리함수, 그래프의 성질, 유리함수, 점근선)",[10공수2-03-04] $6=\frac{k}{4}+5$ → $k=4$
2020/2020.9모나_13.md,2,표준화 방정식을 이용하여 분포의 평균 산출하기,12확통03-04,"키워드 미매칭 (코드: 12확통03-04, 키워드: 정규분포, 이항분포와의 관계, 정규분포, 이항분포와의 관계, 표준정규분포)",[12확통03-04] $\frac{27}{2m}-3=3$ → $\frac{27}{2m}=6$ → $m=\frac{9}{4}$
2020/2020.9모나_20.md,1,순서쌍별 공의 조합 확률을 산출하여 각 경우의 확률 확정,12확통03-03,"키워드 미매칭 (코드: 12확통03-03, 키워드: 이항분포, 이항분포, b(n,p), 베르누이)","[12확통03-03] $\binom{12}{9}=220$.
  - $(6,1,2)$: $\dfrac{\binom{6}{6}\binom{3}{1}"
2020/2020.9모나_20.md,2,두 경우의 확률을 합산하여 최종 확률 산출,12확통02-02,"키워드 미매칭 (코드: 12확통02-02, 키워드: 확률의 덧셈정리, 확률의 덧셈정리, 덧셈정리, 배반사건, 합사건)",[12확통02-02] $p+q=\dfrac{9}{220}+\dfrac{9}{110}=\dfrac{9}{220}+\dfrac{18}{220}=\d
2020/2020수능나_02.md,1,두 집합이 같은 조건을 이용하여 미지 원소의 합 산출하기,10공수2-02-03,"키워드 미매칭 (코드: 10공수2-02-03, 키워드: 집합의 연산, 벤 다이어그램, 교집합, 합집합, 여집합)","[10공수2-02-03] $a+2=3$ 이고 $b-1=6$ → $a=1$, $b=7$. $a+b=8$"
2020/2020수능나_14.md,2,함수 분해의 경우를 분석하여 특정 함숫값의 최댓값 산출하기,12미적Ⅰ-01-01,"키워드 미매칭 (코드: 12미적Ⅰ-01-01, 키워드: 함수의 극한, 함수의 극한, 극한, lim, 좌극한)","[12미적Ⅰ-01-01] $f(x)=2x^2, g(x)=x-2$ 이면 $f(2)=8$. 이것이 최댓값"
2020/2020수능나_19.md,1,홀수 개수와 짝수 종류 수의 합산 조건으로 케이스 분류,12확통01-02,"키워드 미매칭 (코드: 12확통01-02, 키워드: 중복조합, 중복조합, _nh)","[12확통01-02] $(h,k)$: $(1,2)$, $(3,1)$만 가능 ($h\leq3$, $k\leq3$, $h,k\geq0$, $h+2k"
2020/2020수능나_27.md,1,두 속도함수를 등치시켜 속도가 같아지는 시각 확정하기,12미적Ⅰ-02-01,"키워드 미매칭 (코드: 12미적Ⅰ-02-01, 키워드: 미분계수, 순간변화율, 미분계수, 순간변화율, 평균변화율)","[12미적Ⅰ-02-01] $v_1=3t^2-4t+3$, $v_2=2t+12$. $3t^2-6t-9=0$ → $t^2-2t-3=0$ → $t=3$"
2020/2020수능나_28.md,1,적분 조건을 미분하여 f가 일차함수임을 도출,12미적Ⅰ-03-04,"키워드 미매칭 (코드: 12미적Ⅰ-03-04, 키워드: 부정적분과 정적분의 관계, 부정적분과 정적분, 미적분의 기본정리, 기본정리, 정적분으로 정의된)",[12미적Ⅰ-03-04] 양변 미분: $f(x)=\dfrac{1}{2}\{f(x)+f(1)\}+\dfrac{x-1}{2}f'(x)$. 정리: $
2020/2020수능나_28.md,2,정적분 등치 조건으로 일차함수 기울기 결정 후 특정 함숫값 산출,12미적Ⅰ-03-02,"키워드 미매칭 (코드: 12미적Ⅰ-03-02, 키워드: 부정적분의 계산, 다항함수, 부정적분의 계산, 부정적분, 적분하면)",[12미적Ⅰ-03-02] $\displaystyle\int_0^2(Ax+1)dx=2A+2$. $\displaystyle\int_{-1}^1 x(
2020/2020수능나_30.md,1,특정 함숫값 조건과 직선과의 접점 조건을 분석하여 삼차함수의 근의 배치 추론하기,12미적Ⅰ-02-05,"키워드 미매칭 (코드: 12미적Ⅰ-02-05, 키워드: 접선의 기울기, 접선의 방정식, 접선의 기울기, 접선의 방정식, 접선)",[12미적Ⅰ-02-05] $f(0)=0$이므로 원점에서 $y$축 대칭인 두 직선과 $f(x)$가 접하는 기하학적 개형 설정
2020/2020수능나_30.md,2,도함수 조건과 접선 조건을 연립하여 삼차함수의 식 수립 및 미정계수 산출하기,12미적Ⅰ-02-07,"키워드 미매칭 (코드: 12미적Ⅰ-02-07, 키워드: 증가와 감소, 극대와 극소, 증가와 감소, 극대와 극소, 극대)",[12미적Ⅰ-02-07] $f(x) = ax^3+bx^2+cx$로 놓고 접점 조건 $\mathcal{D}=0$ (판별식 등)을 활용하여 계수 결
2020/2020수능나_30.md,3,완성된 삼차함수에 특정 값을 대입하여 문제에서 요구하는 정답 도출하기,12대수01-01,"키워드 미매칭 (코드: 12대수01-01, 키워드: 거듭제곱, 거듭제곱근, 거듭제곱근, n제곱근, 제곱근)",[12대수01-01] 확정된 $f(x)$ 식에 $x=3$을 대입하여 산술 연산 수행
2021/2021.6모나_13.md,1,인수분해로 삼차함수의 영점을 구하여 적분 구간 확정하기,12미적Ⅰ-02-07,"키워드 미매칭 (코드: 12미적Ⅰ-02-07, 키워드: 증가와 감소, 극대와 극소, 증가와 감소, 극대와 극소, 극대)","[12미적Ⅰ-02-07] $x^2(x-2)=0$ → $x=0$, $x=2$"
2021/2021.6모나_17.md,1,정적분값을 상수로 치환하여 함수식 결정 후 자기 대입으로 상수 확정,12미적Ⅰ-03-04,"키워드 미매칭 (코드: 12미적Ⅰ-03-04, 키워드: 부정적분과 정적분의 관계, 부정적분과 정적분, 미적분의 기본정리, 기본정리, 정적분으로 정의된)","[12미적Ⅰ-03-04] $c=\displaystyle\int_0^1 f(t)\,dt$로 놓으면 $f(x)=4x^3+cx$. 이를 $c$ 정의에"
2021/2021.6모나_21.md,2,경계값에서의 함숫값 대소 관계를 비교하여 특정 교점의 엑스좌표가 갖는 수치적 범위 확정하기,12대수01-02,"키워드 미매칭 (코드: 12대수01-02, 키워드: 지수의 확장, 유리수 지수, 실수 지수, 지수의 확장, 유리수 지수)",[12대수01-02] $x=1/2$일 때의 두 함수 $y$값을 비교하여 교점의 선후 관계 확인
2021/2021.6모나_21.md,3,평균변화율과 접선의 기울기를 기하학적으로 분석하여 두 점을 잇는 직선의 기울기 조건 검증하기,12대수01-02,"키워드 미매칭 (코드: 12대수01-02, 키워드: 지수의 확장, 유리수 지수, 실수 지수, 지수의 확장, 유리수 지수)",[12대수01-02] 양변을 $x_2 - x_1$로 나누어 $\frac{y_2-y_1}{x_2-x_1} < 1$ 성립 여부 판단
2021/2021.6모나_28.md,2,일반항 대입으로 세 항의 곱을 산출하여 기약분수 확정,12대수03-04,"키워드 미매칭 (코드: 12대수03-04, 키워드: 시그마, 합의 기호, 시그마, ∑, \sum)","[12대수03-04] $a_5=\dfrac{17}{25}$, $a_7=\dfrac{25}{33}$, $a_9=\dfrac{33}{41}$. 곱:"
2021/2021.6모나_29.md,1,두 함숫값의 곱 조건을 만족하는 순서쌍을 열거하여 케이스 분류,10공수1-03-01,"키워드 미매칭 (코드: 10공수1-03-01, 키워드: 합의 법칙, 곱의 법칙, 경우의 수, 합의 법칙, 곱의 법칙)","[10공수1-03-01] $A=\{1,2,3,4\}$에서 $f(1)\times f(2)\geq9$인 쌍: $(3,3),(3,4),(4,3),(4"
2021/2021.6모나_29.md,3,전체 함수 수 대비 비율로 확률을 산출하여 최종값 계산,10공수1-03-01,"키워드 미매칭 (코드: 10공수1-03-01, 키워드: 합의 법칙, 곱의 법칙, 경우의 수, 합의 법칙, 곱의 법칙)",[10공수1-03-01] 전체 $4^4=256$. $p=\dfrac{32}{256}=\dfrac{1}{8}$. $120p=15$
2021/2021.9모나_05.md,2,조건부 확률 공식으로 목표 조건부 확률 산출하기,12확통02-04,"키워드 미매칭 (코드: 12확통02-04, 키워드: 조건부확률, 조건부확률, p(a|b), p(b|a))",[12확통02-04] $\mathrm{P}(B\mid A)=\frac{\mathrm{P}(A\cap B)}{\mathrm{P}(A)}=\frac
2021/2021.9모나_18.md,2,두 판별식 조건의 교집합으로 최고차항 계수의 최댓값 결정,12미적Ⅰ-02-09,"키워드 미매칭 (코드: 12미적Ⅰ-02-09, 키워드: 방정식과 부등식, 문제해결, 방정식과 부등식, 근의 개수, 실근의 개수)",[12미적Ⅰ-02-09] 교집합: $(-2\leq a\leq10)\cap(-10\leq a\leq2) = -2\leq a\leq2$
2021/2021.9모나_20.md,2,절댓값 포함 정적분을 구간 분리로 계산,12미적Ⅰ-03-02,"키워드 미매칭 (코드: 12미적Ⅰ-03-02, 키워드: 부정적분의 계산, 다항함수, 부정적분의 계산, 부정적분, 적분하면)","[12미적Ⅰ-03-02] $\displaystyle\int_0^2 f(x)\,dx = \frac{1}{2}\int_0^2(x^2+3x)\,dx "
2021/2021.9모나_28.md,1,적분과 미분의 관계로 증가 조건을 피적분함수의 부등식으로 변환,12미적Ⅰ-03-04,"키워드 미매칭 (코드: 12미적Ⅰ-03-04, 키워드: 부정적분과 정적분의 관계, 부정적분과 정적분, 미적분의 기본정리, 기본정리, 정적분으로 정의된)","[12미적Ⅰ-03-04] $g'(x)=f(x)=-x^2-4x+a$이고, $[0,1]$에서 증가하려면 $g'(x)=f(x)\geq0$이 $[0,1"
2021/2021.9모나_30.md,3,확정된 함수와 상수를 목표 식에 대입하고 인수의 성질을 활용하여 문제에서 요구하는 비율값 산출하기,12대수01-01,"키워드 미매칭 (코드: 12대수01-01, 키워드: 거듭제곱, 거듭제곱근, 거듭제곱근, n제곱근, 제곱근)","[12대수01-01] $a=2$를 대입하여 $g(8), f(0), f(8)$의 값을 직접 계산하여 비 산출"
2021/2021수능나_12.md,1,망원급수 전개로 수열의 일반항 관계식을 도출하기,12대수03-05,"키워드 미매칭 (코드: 12대수03-05, 키워드: 여러 가지 수열, 수열의 합, 계차수열, 군수열, 분수형)",[12대수03-05] $\sum_{k=1}^n(a_k-a_{k+1})=a_1-a_{n+1}=1-a_{n+1}=-n^2+n$ → $a_{n+1}=
2021/2021수능나_12.md,2,망원급수로 도출한 일반항에 지정 인덱스 대입으로 항값 확정하기,12대수03-05,"키워드 미매칭 (코드: 12대수03-05, 키워드: 여러 가지 수열, 수열의 합, 계차수열, 군수열, 분수형)",[12대수03-05] $n=10$: $a_{11}=100-10+1=91$
2021/2021수능나_14.md,2,거리 방정식과 양수 조건으로 결정하기,12미적Ⅰ-02-05,"키워드 미매칭 (코드: 12미적Ⅰ-02-05, 키워드: 접선의 기울기, 접선의 방정식, 접선의 기울기, 접선의 방정식, 접선)",[12미적Ⅰ-02-05] $k-3=5$ → $k=8$
2021/2021수능나_18.md,4,교점 간 수평 거리를 매개변수 식으로 비교하여 부등식 조건의 참거짓 판별,10공수2-01-01,"키워드 미매칭 (코드: 10공수2-01-01, 키워드: 선분의 내분, 내분점, 내분점, 중점, 외분점)","[10공수2-01-01] $\overline{AB} = 4a - a = 3a$, $\overline{CD} = \dfrac{1}{a} - \df"
2021/2021수능나_20.md,1,미적분학 기본 정리로 도함수를 정적분 누적함수의 스칼라 곱 형태로 변환,12미적Ⅰ-03-04,"키워드 미매칭 (코드: 12미적Ⅰ-03-04, 키워드: 부정적분과 정적분의 관계, 부정적분과 정적분, 미적분의 기본정리, 기본정리, 정적분으로 정의된)","[12미적Ⅰ-03-04] 미적분의 기본 정리로 미분: $g'(x) = 2x\!\int_0^x\!f(t)\,dt + x^2 f(x) - x^2 f"
2021/2021수능나_20.md,3,경계 정적분값 조건을 방정식으로 풀어 매개변수 최댓값 결정,12미적Ⅰ-03-04,"키워드 미매칭 (코드: 12미적Ⅰ-03-04, 키워드: 부정적분과 정적분의 관계, 부정적분과 정적분, 미적분의 기본정리, 기본정리, 정적분으로 정의된)","[12미적Ⅰ-03-04] $F(a) = \int_0^a (t^2-1)(t-a)\,dt = -\dfrac{a^4}{12} + \dfrac{a^2}"
2021/2021수능나_21.md,2,자연수 매개변수의 값에 따른 항의 부호 변화를 단계적으로 추적하여 조건을 만족하는 모든 k를 확정하고 합산하기,12대수03-06,"키워드 미매칭 (코드: 12대수03-06, 키워드: 귀납적 정의, 점화식, 귀납적 정의, 수학적 귀납법)",[12대수03-06] $k=1$부터 순차적으로 대입하여 $a_6$까지의 항들의 값을 계산하고 곱의 부호 판별
2021/2021수능나_29.md,1,공 뽑기 분기별 조건부 확률 체계 수립으로 전확률 공식 준비,12확통02-06,"키워드 미매칭 (코드: 12확통02-06, 키워드: 확률의 곱셈정리, 확률의 곱셈정리, 곱셈정리)","[12확통02-06] 공 뽑기 확률: P(숫자 3) = 2/5, P(숫자 4) = 3/5로 분기, 전확률 공식 준비"
2021/2021수능나_29.md,3,주사위 4회 합이 10인 경우를 포함-배제 원리로 산출,12확통01-02,"키워드 미매칭 (코드: 12확통01-02, 키워드: 중복조합, 중복조합, _nh)","[12확통01-02] $y_i = x_i - 1$로 치환하면 $y_1+y_2+y_3+y_4=6$, $0 \leq y_i \leq 5$. 포함-배"
2021/2021수능나_29.md,4,전확률 공식으로 합산 후 기약분수 변환,12확통02-06,"키워드 미매칭 (코드: 12확통02-06, 키워드: 확률의 곱셈정리, 확률의 곱셈정리, 곱셈정리)",[12확통02-06] $\dfrac{2}{5} \times \dfrac{1}{8} + \dfrac{3}{5} \times \dfrac{5}{81
2021/2021수능나_30.md,3,주어진 함숫값 좌표와 함수의 최솟값 조건을 연립하여 미정계수를 확정하고 전체 함수 완성하기,12대수01-01,"키워드 미매칭 (코드: 12대수01-01, 키워드: 거듭제곱, 거듭제곱근, 거듭제곱근, n제곱근, 제곱근)",[12대수01-01] $g(x)$를 일차함수 조건으로 특정하고 $h(2)$에 대입하여 $m$ 산출. $x=4$ 대입: $h(4)=f(4)+g(4
2022/2022.6모_10.md,3,근의 분리 조건으로 구한 범위 내 자연수를 열거하여 합 산출하기,10공수1-02-04,"키워드 미매칭 (코드: 10공수1-02-04, 키워드: 이차방정식, 이차함수, 이차방정식, 이차함수)","[10공수1-02-04] 범위 내의 자연수 $5, 6, 7, 8, 9$를 모두 더하여 최종 결과 산출"
2022/2022.6모_13.md,1,함수의 주기성을 이용하여 완전제곱수 여부에 따른 함숫값 분류하기,12대수03-04,"키워드 미매칭 (코드: 12대수03-04, 키워드: 시그마, 합의 기호, 시그마, ∑, \sum)",[12대수03-04] $\sqrt{k}$가 정수인 경우(제곱수)와 그렇지 않은 경우로 나누어 $f(\sqrt{k})$의 값 결정
2022/2022.6모_09.md,2,귀납적 역추적으로 확정된 초기 항들을 합산하여 목표 합 산출하기,12대수03-06,"키워드 미매칭 (코드: 12대수03-06, 키워드: 귀납적 정의, 점화식, 귀납적 정의, 수학적 귀납법)",[12대수03-06] 역추적으로 구한 값 대입
2022/2022.6모_21.md,2,이차함수의 그래프 개형을 이용하여 함숫값의 범위에 따른 지수 조건 수립하기,12미적Ⅰ-02-07,"키워드 미매칭 (코드: 12미적Ⅰ-02-07, 키워드: 증가와 감소, 극대와 극소, 증가와 감소, 극대와 극소, 극대)","[12미적Ⅰ-02-07] 이차함수의 꼭짓점에서 최솟값을 확인하고, 해당 값이 음의 정수가 되기 위한 $n$의 제약 조건 수립"
2022/2022.6모_22.md,1,합성함수 방정식의 구조 분석을 이용하여 실근의 발생 조건 수립하기,12미적Ⅰ-02-08,"키워드 미매칭 (코드: 12미적Ⅰ-02-08, 키워드: 그래프의 개형, 그래프의 개형, 개형, 오목, 볼록)","[12미적Ⅰ-02-08] $f(x)=0$의 두 실근을 $\alpha, \beta$라 할 때, $x-f(x)=\alpha$ 또는 $x-f(x)=\"
2022/2022.6모_확24.md,1,조건부 확률 공식으로 특정 주제 선택 학생 중 목표 학년의 비율 산출하기,12확통02-04,"키워드 미매칭 (코드: 12확통02-04, 키워드: 조건부확률, 조건부확률, p(a|b), p(b|a))",[12확통02-04] $\mathrm{P}(1\text{학년}\mid B)=\frac{\mathrm{P}(1\text{학년}\cap B)}{\m
2022/2022.9모_10.md,3,접선의 기울기 곱 조건을 이용하여 미지수 값 도출하기,12대수02-02,"키워드 미매칭 (코드: 12대수02-02, 키워드: 삼각함수, 그래프, 주기성, 삼각함수, sin)","[12대수02-02] 원점과 $A, B$를 잇는 직선의 기울기 $\frac{a}{x_1}, \frac{a}{x_2}$를 곱하여 방정식 풀이"
2022/2022.9모_07.md,2,역수 관계식을 역산하여 수열의 일반항을 도출하고 목표 항 산출하기,12대수03-04,"키워드 미매칭 (코드: 12대수03-04, 키워드: 시그마, 합의 기호, 시그마, ∑, \sum)","[12대수03-04] $\frac{1}{a_{n+1}}=-\frac{n+4}{4n}$ → $a_{n+1}=-\frac{4n}{n+4}$, $n="
2022/2022.9모_08.md,1,두 점에서의 극한 조건으로 근의 구조를 파악하여 첫 번째 계수 도출하기,12미적Ⅰ-02-04,"키워드 미매칭 (코드: 12미적Ⅰ-02-04, 키워드: 미분법, 다항함수, 미분법, 곱의 미분, 다항함수)","[12미적Ⅰ-02-04] 분모가 0이 되는 극한 조건: $f(0)=0$, $f(1)=0$, 그리고 $f'(0)=1$, $f'(1)$ 도출"
2022/2022.9모_08.md,2,두 번째 극한 조건으로 나머지 계수를 확정하여 목표 함숫값 산출하기,12미적Ⅰ-02-04,"키워드 미매칭 (코드: 12미적Ⅰ-02-04, 키워드: 미분법, 다항함수, 미분법, 곱의 미분, 다항함수)","[12미적Ⅰ-02-04] $g(1)=a+b=a-1=1$ → $a=2$, $f(x)=x(x-1)(2x-1)$, $f(2)$ 계산"
2022/2022.9모_15.md,3,양수 분기를 역추적하여 조건을 만족시키는 첫째항 산출하기,12대수03-06,"키워드 미매칭 (코드: 12대수03-06, 키워드: 귀납적 정의, 점화식, 귀납적 정의, 수학적 귀납법)",[12대수03-06] $a_4=1$에서 시작하여 $a_1$까지 역추적 후 다섯 항의 합이 양수인지 검증
2022/2022.9모_15.md,4,남은 분기를 역추적하여 합이 양수인 경로의 첫째항을 모두 합산하기,12대수03-06,"키워드 미매칭 (코드: 12대수03-06, 키워드: 귀납적 정의, 점화식, 귀납적 정의, 수학적 귀납법)",[12대수03-06] $a_4 \le 0$인 경로를 차례로 역추적하여 유효한 $a_1$을 모두 찾아 앞선 결과와 합산
2022/2022.9모_20.md,3,그래프의 교점 개수 분석을 통한 방정식의 실근 개수 조건 만족하기,12미적Ⅰ-02-08,"키워드 미매칭 (코드: 12미적Ⅰ-02-08, 키워드: 그래프의 개형, 그래프의 개형, 개형, 오목, 볼록)","[12미적Ⅰ-02-08] $k > 0$일 때 $x < 0$에서 실근 1개가 존재함을 확인하고, $x \ge 0$에서 3개의 실근을 갖기 위한 $"
2022/2022.9모_21.md,2,직선의 기울기와 선분의 길이 조건을 이용하여 두 곡선과 직선의 교점 좌표 산출하기,10공수1-03-01,"키워드 미매칭 (코드: 10공수1-03-01, 키워드: 합의 법칙, 곱의 법칙, 경우의 수, 합의 법칙, 곱의 법칙)",[10공수1-03-01] 선분 $\mathrm{AB}$의 중점이 대칭축 $y=x-1$과 직선 $y=-x+4$의 교점임을 이용하여 두 점 $\te
2022/2022.9모_21.md,4,세 점의 좌표를 이용하여 삼각형의 넓이를 구하고 그에 비례하는 상숫값 도출하기,10공수2-01-03,"키워드 미매칭 (코드: 10공수2-01-03, 키워드: 점과 직선 사이의 거리, 점과 직선 사이의 거리, 수선의 발)","[10공수2-01-03] 세 점 $\mathrm{A}(1.5, 2.5), \mathrm{B}(3.5, 0.5), \mathrm{C}(0, 0.1"
2022/2022.9모_22.md,2,도함수의 성질과 인수를 이용하여 방정식의 실근 형태 확정하기,12미적Ⅰ-02-07,"키워드 미매칭 (코드: 12미적Ⅰ-02-07, 키워드: 증가와 감소, 극대와 극소, 증가와 감소, 극대와 극소, 극대)",[12미적Ⅰ-02-07] $g(x)=0 \iff f(x-3)=0$ 또는 $f'(x)=0$임을 이용하여 $f(x)$가 중근을 갖는 경우로 추론
2022/2022.9모_22.md,3,실근의 합 조건을 대입하여 미정계수 결정 및 함숫값 산출하기,9수02-04,"키워드 미매칭 (코드: 9수02-04, 키워드: 일차방정식, 문제해결)","[9수02-04] 네 근을 모두 더하여 $a$의 값을 구하고, 완성된 함수식에 5를 대입하여 결과 도출"
2022/2022.9모_확25.md,2,두 계수의 등호 조건으로 공통인수를 약분하여 양수 상수 결정하기,12확통01-03,"키워드 미매칭 (코드: 12확통01-03, 키워드: 이항정리, 이항정리, 이항계수, 파스칼)",[12확통01-03] $5a^3(a-2)=0$ → $a=2$ (양수)
2022/2022.9모_확26.md,1,전확률 공식으로 분기 조건별 사건 확률의 가중합 산출하기,12확통02-06,"키워드 미매칭 (코드: 12확통02-06, 키워드: 확률의 곱셈정리, 확률의 곱셈정리, 곱셈정리)","[12확통02-06] $\mathrm{P}(\text{눈}\geq5)=\frac{1}{3}$, $\mathrm{P}(\text{흰2}|A)=\f"
2022/2022.9모_확28.md,1,함숫값 치역 범위 내 합의 배수 조건으로 순서쌍 분류하기,10공수1-03-01,"키워드 미매칭 (코드: 10공수1-03-01, 키워드: 합의 법칙, 곱의 법칙, 경우의 수, 합의 법칙, 곱의 법칙)","[10공수1-03-01] $1 \le f(k) \le 6$이므로 $2 \le f(3)+f(4) \le 12$임을 확인하고, 합이 5 또는 10인"
2022/2022수능_13.md,3,주어진 함숫값 조건을 대입하여 지수 식의 값 산출하기,12대수01-03,"키워드 미매칭 (코드: 12대수01-03, 키워드: 지수법칙의 활용, 밑의 조건, 지수법칙, 지수방정식, 지수부등식)",[12대수01-03] $f(1) = a^b + b^a = 40$과 $a^b=b^a$를 이용하여 개별 항의 값 도출
2022/2022수능_13.md,4,지수 법칙의 거듭제곱 성질을 이용하여 목표하는 함숫값 산출하기,12대수01-03,"키워드 미매칭 (코드: 12대수01-03, 키워드: 지수법칙의 활용, 밑의 조건, 지수법칙, 지수방정식, 지수부등식)",[12대수01-03] $(a^b)^2 + (b^a)^2$ 형태로 변형하여 계산
2022/2022예비_11.md,1,실근의 등비수열 조건을 이용하여 인수분해된 함수 식 수립하기,12미적Ⅰ-02-03,"키워드 미매칭 (코드: 12미적Ⅰ-02-03, 키워드: 도함수, 도함수, 미분, f'(x), 도함수를)",[12미적Ⅰ-02-03] 최고차항 계수가 1임을 이용하여 $f(x)-9 = (x-\frac{a}{r})(x-a)(x-ar)$ 형태로 표현
2022/2022예비_11.md,2,함숫값 조건을 대입하여 미지수 사이의 관계 도출하기,12미적Ⅰ-02-03,"키워드 미매칭 (코드: 12미적Ⅰ-02-03, 키워드: 도함수, 도함수, 미분, f'(x), 도함수를)",[12미적Ⅰ-02-03] $x=0$을 대입하여 $a^3$의 값 확정
2022/2022예비_11.md,4,공비로 등비수열의 세 근을 확정하고 삼차함수를 완성하여 목표점 함숫값 계산하기,12미적Ⅰ-02-03,"키워드 미매칭 (코드: 12미적Ⅰ-02-03, 키워드: 도함수, 도함수, 미분, f'(x), 도함수를)","[12미적Ⅰ-02-03] $r=2, a=2$를 대입하여 $f(x)$를 완성한 후 값 계산. $x=3$ 대입: $f(3)=(3-1)(3-2)(3-"
2022/2022예비_12.md,1,적분값의 부호 조건을 함수의 함숫값 조건으로 치환하기,12미적Ⅰ-03-03,"키워드 미매칭 (코드: 12미적Ⅰ-03-03, 키워드: 정적분의 개념, 정적분의 성질, 정적분의 개념, 정적분의 성질, 정적분)",[12미적Ⅰ-03-03] 임의의 좁은 구간에서도 적분값이 양수여야 함을 이용하여 $x > 0$ 영역에서의 $f(x) \ge 0$ 조건 도출
2022/2022예비_12.md,3,부등식의 성립 범위를 이용하여 실수 k의 최솟값 산출하기,12대수01-04,"키워드 미매칭 (코드: 12대수01-04, 키워드: 로그의 뜻, 로그의 성질, 로그, log, 상용로그)",[12대수01-04] 최솟값인 $g(1) \ge 0$ 조건을 사용하여 $k$의 범위 도출
2022/2022예비_13.md,2,부분합 식을 일반항 공식에 대입하여 역수 합산에 필요한 일반항 확정하기,12대수03-05,"키워드 미매칭 (코드: 12대수03-05, 키워드: 여러 가지 수열, 수열의 합, 계차수열, 군수열, 분수형)",[12대수03-05] $S_n = -\frac{n}{n+1}$을 대입하여 $a_n$을 $n$에 관한 식으로 정리
2022/2022예비_13.md,4,수립된 식을 만족하는 변수값들을 대입하여 구하고자 하는 결과값 산출하기,12대수03-05,"키워드 미매칭 (코드: 12대수03-05, 키워드: 여러 가지 수열, 수열의 합, 계차수열, 군수열, 분수형)","[12대수03-05] $f(5)=5, g(3)=\frac{1}{12}, h(6)=36$ 대입하여 곱셈 수행"
2022/2022수능_05.md,2,수열의 주기성을 이용하여 여덟 개 항의 합 산출하기,12대수03-06,"키워드 미매칭 (코드: 12대수03-06, 키워드: 귀납적 정의, 점화식, 귀납적 정의, 수학적 귀납법)",[12대수03-06] 한 주기의 합 $\times$ 2
2022/2022수능_06.md,2,세 실근 조건으로 k의 범위를 설정하여 정수 개수를 결정하기,12미적Ⅰ-02-07,"키워드 미매칭 (코드: 12미적Ⅰ-02-07, 키워드: 증가와 감소, 극대와 극소, 증가와 감소, 극대와 극소, 극대)",[12미적Ⅰ-02-07] 극솟값 $<-k<$ 극댓값: $-20<-k<7$ → $-7<k<20$
2022/2022수능_09.md,2,지수함수 위 두 점 조건의 연립으로 미정계수 확정하기,10공수2-01-01,"키워드 미매칭 (코드: 10공수2-01-01, 키워드: 선분의 내분, 내분점, 내분점, 중점, 외분점)",[10공수2-01-01] 두 점이 직선 위에 있는 조건에서 $p$ 결정
2022/2022수능_15.md,3,중심각과 현의 길이 관계에서 반각의 삼각비값 결정하기,12대수02-03,"키워드 미매칭 (코드: 12대수02-03, 키워드: 사인법칙, 코사인법칙, 사인법칙, 코사인법칙, 삼각형 넓이)","[12대수02-03] $\overline{AB}=2r\sin\dfrac{\theta_1}{2}=k$, $\overline{BO_2}=2r\cos"
2022/2022수능_19.md,2,판별식 조건을 이용하여 a의 허용 범위를 결정하기,12미적Ⅰ-02-07,"키워드 미매칭 (코드: 12미적Ⅰ-02-07, 키워드: 증가와 감소, 극대와 극소, 증가와 감소, 극대와 극소, 극대)",[12미적Ⅰ-02-07] $4a^2-24a\leq0$ → $4a(a-6)\leq0$
2022/2022수능_20.md,2,주어진 관계식을 이용하여 특정 구간에서의 함수식 유도하기,12미적Ⅰ-02-04,"키워드 미매칭 (코드: 12미적Ⅰ-02-04, 키워드: 미분법, 다항함수, 미분법, 곱의 미분, 다항함수)","[12미적Ⅰ-02-04] $a=1, b=1$을 관계식에 대입하고 $f(x+1)$을 $x$에 관한 식으로 정리"
2022/2022수능_21.md,3,주어진 합 조건을 만족하도록 각 항의 부호 확정하기,12대수03-03,"키워드 미매칭 (코드: 12대수03-03, 키워드: 등비수열, 일반항, 수열의 합, 등비수열, 공비)",[12대수03-03] $a_k$의 부호가 양수에서 음수로 바뀔 때 합이 $2|a_k|$만큼 감소함을 이용하여 음수인 항 탐색
2022/2022수능_21.md,4,확정된 부호로 각 항의 값을 결정하고 홀수 번째 항들의 합 산출하기,12대수03-03,"키워드 미매칭 (코드: 12대수03-03, 키워드: 등비수열, 일반항, 수열의 합, 등비수열, 공비)",[12대수03-03] 결정된 부호를 적용하여 각 항의 값을 대입하고 합산
2022/2022수능_22.md,3,나머지 함숫값 조건을 검증하고 구하고자 하는 함숫값 도출하기,12미적Ⅰ-02-03,"키워드 미매칭 (코드: 12미적Ⅰ-02-03, 키워드: 도함수, 도함수, 미분, f'(x), 도함수를)","[12미적Ⅰ-02-03] 구한 함수식에 0을 대입하여 $g(f(0))$을 확인하고, 5를 대입하여 결과 도출"
2022/2022수능_확25.md,1,절댓값 방정식을 인수분해하여 자연수 조건을 만족하는 순서쌍을 결정하기,10공수1-03-01,"키워드 미매칭 (코드: 10공수1-03-01, 키워드: 합의 법칙, 곱의 법칙, 경우의 수, 합의 법칙, 곱의 법칙)","[10공수1-03-01] $(a+b)(|a-b|)=5$. 자연수에서: $a+b=5,\;|a-b|=1$ → $(a,b)=(3,2)$ 또는 $(2,"
2022/2022수능_확28.md,3,분류된 치역 집합별 함수 개수를 합산하여 조건을 만족하는 전체 함수의 개수 도출하기,10공수1-03-01,"키워드 미매칭 (코드: 10공수1-03-01, 키워드: 합의 법칙, 곱의 법칙, 경우의 수, 합의 법칙, 곱의 법칙)",[10공수1-03-01] Step 2에서 도출한 각 치역 케이스별 결과 합산
2022/2022수능_확29.md,1,확률밀도함수의 성질을 이용하여 미정계수의 값 결정하기,12확통03-01,"키워드 미매칭 (코드: 12확통03-01, 키워드: 확률변수, 확률분포, 확률변수, 확률분포, 이산확률변수)",[12확통03-01] $f(x)+g(x)=k$ 관계를 이용하여 두 함수 그래프와 $x$축 사이의 넓이의 합을 $k$에 관한 식으로 표현
2022/2022수능_확29.md,3,함수의 그래프 개형 분석을 이용하여 특정 구간의 확률값 산출하기,12확통03-01,"키워드 미매칭 (코드: 12확통03-01, 키워드: 확률변수, 확률분포, 확률변수, 확률분포, 이산확률변수)","[12확통03-01] 구간 $[2, 3]$의 사다리꼴 넓이와 구간 $[3, 5]$의 직사각형 넓이 계산 및 합산"
2022/2022예비_01.md,1,지수의 뺄셈 법칙으로 밑이 같은 지수식의 값 산출하기,12대수01-01,"키워드 미매칭 (코드: 12대수01-01, 키워드: 거듭제곱, 거듭제곱근, 거듭제곱근, n제곱근, 제곱근)",[12대수01-01] 지수 뺄셈: $3^{(\sqrt{5}+1)-(\sqrt{5}-1)}=3^2=9$
2022/2022예비_06.md,2,추가 함숫값 조건을 대입하여 미지 계수 k 확정하기,12미적Ⅰ-03-02,"키워드 미매칭 (코드: 12미적Ⅰ-03-02, 키워드: 부정적분의 계산, 다항함수, 부정적분의 계산, 부정적분, 적분하면)",[12미적Ⅰ-03-02] $f(2)=8-2k+2+1=11-2k=1$
2022/2022예비_08.md,2,두 교점의 x좌표 차이를 이용하여 선분 AB의 길이를 산출하기,12대수02-02,"키워드 미매칭 (코드: 12대수02-02, 키워드: 삼각함수, 그래프, 주기성, 삼각함수, sin)",[12대수02-02] AB$=|10-2|=8$
2022/2022예비_15.md,3,초기 합의 차이를 이용하여 수열의 전체 합의 최댓값과 최솟값의 차 산출하기,12대수03-06,"키워드 미매칭 (코드: 12대수03-06, 키워드: 귀납적 정의, 점화식, 귀납적 정의, 수학적 귀납법)",[12대수03-06] 최대 합 80과 최소 합 8의 차이를 구하여 상수 부분을 제외한 차이값 계산
2022/2022예비_21.md,2,외심과 현의 기하학적 관계를 이용하여 특정 삼각형의 내각 분석하기,10공수1-03-01,"키워드 미매칭 (코드: 10공수1-03-01, 키워드: 합의 법칙, 곱의 법칙, 경우의 수, 합의 법칙, 곱의 법칙)",[10공수1-03-01] 선분 $\mathrm{OO}'$이 현 $AC$의 수직이등분선임을 이용하여 삼각형 $\mathrm{OAO}'$의 한 내각
2022/2022예비_22.md,2,구간에서의 최댓값 조건을 이용하여 미정계수 사이의 관계식 수립하기,12미적Ⅰ-02-08,"키워드 미매칭 (코드: 12미적Ⅰ-02-08, 키워드: 그래프의 개형, 그래프의 개형, 개형, 오목, 볼록)",[12미적Ⅰ-02-08] $p \ge 2$인 경우와 $p=1$인 경우로 나누어 각 구간에서의 함숫값의 절댓값 크기 비교
2022/2022예비_22.md,3,자연수의 범위 제약 조건을 적용하여 조건을 만족하는 순서쌍의 개수 산출하기,10공수1-03-01,"키워드 미매칭 (코드: 10공수1-03-01, 키워드: 합의 법칙, 곱의 법칙, 경우의 수, 합의 법칙, 곱의 법칙)",[10공수1-03-01] $p$의 값에 따른 $q$의 가능한 개수를 세어 합산
2022/2022예비_확25.md,2,확률의 덧셈 분해로 목표 사건 B의 확률 산출하기,12확통02-02,"키워드 미매칭 (코드: 12확통02-02, 키워드: 확률의 덧셈정리, 확률의 덧셈정리, 덧셈정리, 배반사건, 합사건)",[12확통02-02] $\mathrm{P}(A)=\mathrm{P}(A\cap B)+\mathrm{P}(A\cap B^c)=\mathrm{P}(
2023/2023.6모_10.md,3,원의 방멱 정리를 이용하여 목표 선분의 길이 산출하기,10공수2-01-01,"키워드 미매칭 (코드: 10공수2-01-01, 키워드: 선분의 내분, 내분점, 내분점, 중점, 외분점)",[10공수2-01-01] 방멱의 정리 $\overline{\mathrm{AM}} \cdot \overline{\mathrm{MC}} = \ove
2023/2023.6모_06.md,1,연속 조건으로 접합점에서 상수 결정하기,12미적Ⅰ-01-02,"키워드 미매칭 (코드: 12미적Ⅰ-01-02, 키워드: 극한의 성질, 극한값, 극한의 성질, 극한값, 극한)","[12미적Ⅰ-01-02] $x=-1$ 에서 $|f(x)|$ 의 연속 조건: $|f(-1^-)| = |f(-1)|$, 즉 $|-1+a|=1$"
2023/2023.6모_06.md,2,연속 조건으로 나머지 상수를 결정하여 합 산출하기,12미적Ⅰ-01-02,"키워드 미매칭 (코드: 12미적Ⅰ-01-02, 키워드: 극한의 성질, 극한값, 극한의 성질, 극한값, 극한)","[12미적Ⅰ-01-02] $x=3$ 에서 $|f(3^-)| = |f(3)|$, 즉 $|3| = |3b-2|$"
2023/2023.6모_09.md,2,최솟값이 0 이상인 부등식으로 상수의 최댓값 결정하기,12미적Ⅰ-02-03,"키워드 미매칭 (코드: 12미적Ⅰ-02-03, 키워드: 도함수, 도함수, 미분, f'(x), 도함수를)",[12미적Ⅰ-02-03] $h(x) \geq 0$ for all $x \geq 0$ 조건: $h(1) = 5-a \geq 0$
2023/2023.6모_14.md,4,주어진 부등식 조건과 구간별 방정식을 연립하여 실근의 개수 산출하기,10공수1-02-03,"키워드 미매칭 (코드: 10공수1-02-03, 키워드: 근과 계수의 관계, 근과 계수, 비에타, 두 근의 합, 두 근의 곱)","[10공수1-02-03] 부등식을 통해 상수 $a$의 범위를 구한 후, $x \ge 0$과 $x < 0$ 구간에서 이차방정식의 근의 부호 판별"
2023/2023.6모_15.md,2,주기성을 이용하여 목표 항의 번호 관계식 수립하기,12대수03-06,"키워드 미매칭 (코드: 12대수03-06, 키워드: 귀납적 정의, 점화식, 귀납적 정의, 수학적 귀납법)",[12대수03-06] 첫째항 번호와 주기 배수를 더하여 $a_{22}$의 항 번호 일치 방정식 전개
2023/2023.6모_16.md,2,이차방정식 풀이 후 진수 조건으로 확정하기,12대수01-04,"키워드 미매칭 (코드: 12대수01-04, 키워드: 로그의 뜻, 로그의 성질, 로그, log, 상용로그)",[12대수01-04] $x=\pm 6$ 에서 $x>2$ 조건 적용
2023/2023.6모_21.md,2,자연수 조건을 분석하여 지수의 미지수 확정하기,12대수01-02,"키워드 미매칭 (코드: 12대수01-02, 키워드: 지수의 확장, 유리수 지수, 실수 지수, 지수의 확장, 유리수 지수)",[12대수01-02] $3 \cdot 2^{-\frac{3}{2}k}$가 자연수가 되기 위해 $-\frac{3}{2}k$가 $3$의 배수인 자연
2023/2023.6모_22.md,2,방정식의 근 조건을 이용하여 평행이동 상숫값 확정하기,10공수1-02-03,"키워드 미매칭 (코드: 10공수1-02-03, 키워드: 근과 계수의 관계, 근과 계수, 비에타, 두 근의 합, 두 근의 곱)",[10공수1-02-03] $x \ge 0$에서 정의된 $g(x)=0$의 양수 근이 $6$뿐이어야 함을 이용하여 $b-3=6$ 방정식을 풀이
2023/2023.9모_11.md,2,이차함수의 대칭성을 이용하여 미지수 확정하기,12대수01-01,"키워드 미매칭 (코드: 12대수01-01, 키워드: 거듭제곱, 거듭제곱근, 거듭제곱근, n제곱근, 제곱근)","[12대수01-01] $f(x) = -(x-2)^2 + k$가 $x=2$에 대해 대칭임을 이용하여, $n$이 서로 다른 전사건이 되는 $k$ 산"
2023/2023.9모_12.md,3,극한값을 계산하여 최종 결과 도출하기,12미적Ⅰ-02-01,"키워드 미매칭 (코드: 12미적Ⅰ-02-01, 키워드: 미분계수, 순간변화율, 미분계수, 순간변화율, 평균변화율)",[12미적Ⅰ-02-01] 앞에서 구한 길이를 $t$에 대한 식으로 치환하고 유리화 등을 통해 극한값 연산
2023/2023.9모_04.md,1,연속 조건을 이용하여 접합점에서 방정식을 수립하기,12미적Ⅰ-01-02,"키워드 미매칭 (코드: 12미적Ⅰ-01-02, 키워드: 극한의 성질, 극한값, 극한의 성질, 극한값, 극한)",[12미적Ⅰ-01-02] 접합점 $x=a$ 에서 연속 조건: $\lim_{x\to a^-}f(x)=\lim_{x\to a^+}f(x)=f(a)$
2023/2023.9모_04.md,2,이차방정식을 인수분해하여 모든 a의 값의 합을 결정하기,12미적Ⅰ-01-02,"키워드 미매칭 (코드: 12미적Ⅰ-01-02, 키워드: 극한의 성질, 극한값, 극한의 성질, 극한값, 극한)","[12미적Ⅰ-01-02] $(a+3)(a-2)=0 \Rightarrow a=-3$ 또는 $a=2$, 합 계산"
2023/2023.9모_08.md,2,도출된 접선이 다른 곡선에도 접하는 조건으로 목표 상수값 확정하기,12미적Ⅰ-02-02,"키워드 미매칭 (코드: 12미적Ⅰ-02-02, 키워드: 미분가능성, 연속성, 미분가능성, 연속성, 미분가능)",[12미적Ⅰ-02-02] 접점 $t$ 에서 $g'(t)=-1$: $4t^3+3=-1 \Rightarrow t=-1$. $g(-1)=-x+3$ 위
2023/2023.9모_15.md,3,수열의 증감 범위를 분석하여 조건을 만족시키는 항 번호 파악하기,12대수03-06,"키워드 미매칭 (코드: 12대수03-06, 키워드: 귀납적 정의, 점화식, 귀납적 정의, 수학적 귀납법)",[12대수03-06] $4k$부터 $4k+3$까지 항들의 함숫값 구간을 부등식으로 평가하여 조건 부합 여부 식별
2023/2023.9모_16.md,2,이차방정식 풀이 후 진수 조건으로 확정하기,12대수01-04,"키워드 미매칭 (코드: 12대수01-04, 키워드: 로그의 뜻, 로그의 성질, 로그, log, 상용로그)",[12대수01-04] $(x-7)(x-2)=0 \Rightarrow x=7$ 또는 $x=2$. 진수 조건 $x>4$ 적용
2023/2023.9모_19.md,1,h(x)로 치환하여 함수의 극값을 분석하고 그래프 개형을 파악하기,12미적Ⅰ-02-03,"키워드 미매칭 (코드: 12미적Ⅰ-02-03, 키워드: 도함수, 도함수, 미분, f'(x), 도함수를)","[12미적Ⅰ-02-03] $h(x)=-3x^4+4x^3+12x^2$ 으로 치환, $h'(x)=-12x(x-2)(x+1)$ 으로 극값 계산"
2023/2023.9모_19.md,2,실근 개수 조건에서 미정계수의 범위를 구하여 자연수 개수 결정하기,12미적Ⅰ-02-03,"키워드 미매칭 (코드: 12미적Ⅰ-02-03, 키워드: 도함수, 도함수, 미분, f'(x), 도함수를)",[12미적Ⅰ-02-03] $y=h(x)$ 와 $y=k$ 가 4번 교차: 극소값 $0 < k <$ 작은 극대값 $5$ 범위
2023/2023.9모_20.md,2,방정식을 이용하여 음수 구간의 교점 좌표 확정하기,10공수1-02-07,"키워드 미매칭 (코드: 10공수1-02-07, 키워드: 삼차방정식, 사차방정식, 삼차방정식, 사차방정식, 삼차)",[10공수1-02-07] $x<0$일 때의 방정식 $x^3+x^2-x = -4x-3$을 수립하고 인수분해하여 실근 도출
2023/2023.9모_21.md,3,두 점을 지나는 직선의 기울기를 이용하여 미지수 확정하기,12대수01-02,"키워드 미매칭 (코드: 12대수01-02, 키워드: 지수의 확장, 유리수 지수, 실수 지수, 지수의 확장, 유리수 지수)","[12대수01-02] $P(a, 2^a)$와 $Q(a+2, 2^{a+2})$를 이용하여 기울기 $m$의 식을 세우고, Step 1의 $m$과 연"
2023/2023.9모_22.md,2,불연속점 개수 조건을 이용하여 함수의 극솟값 확정하기,12미적Ⅰ-02-07,"키워드 미매칭 (코드: 12미적Ⅰ-02-07, 키워드: 증가와 감소, 극대와 극소, 증가와 감소, 극대와 극소, 극대)","[12미적Ⅰ-02-07] 극솟값 $m$ 의 부호에 따른 불연속점 개수를 분류하여, $m=4$ 일 때에만 조건을 만족함을 연역"
2023/2023.9모_확24.md,1,조건부 확률 대칭 조건으로 P(A)와 P(B)의 관계를 도출하기,12확통02-04,"키워드 미매칭 (코드: 12확통02-04, 키워드: 조건부확률, 조건부확률, p(a|b), p(b|a))",[12확통02-04] $\frac{\mathrm{P}(A\cap B)}{\mathrm{P}(B)}=\frac{\mathrm{P}(A\cap B)
2023/2023.9모_확28.md,2,나머지를 기준으로 집합을 분할하여 합의 배수 조건 분석하기,10공수1-03-01,"키워드 미매칭 (코드: 10공수1-03-01, 키워드: 합의 법칙, 곱의 법칙, 경우의 수, 합의 법칙, 곱의 법칙)","[10공수1-03-01] 1부터 10까지의 수를 3으로 나눈 나머지에 따라 세 그룹으로 분류하고, 세 수의 합이 3의 배수가 되는 구성 방식 연"
2023/2023수능_10.md,1,넓이의 성질을 이용하여 정적분 방정식 수립하기,12미적Ⅰ-03-06,"키워드 미매칭 (코드: 12미적Ⅰ-03-06, 키워드: 속도, 거리, 속도, 거리, 이동거리)","[12미적Ⅰ-03-06] 두 넓이가 같다는 것은 $0$부터 $2$까지 두 함수의 차를 정적분한 값이 $0$임을 의미하므로, $\int_{0}^{"
2023/2023수능_11.md,1,원주각의 성질을 이용하여 현의 길이 등식 수립하기,10공수2-01-01,"키워드 미매칭 (코드: 10공수2-01-01, 키워드: 선분의 내분, 내분점, 내분점, 중점, 외분점)","[10공수2-01-01] 같은 크기의 원주각에 대응하는 현의 길이는 같으므로, $\overline{\mathrm{BC}} = \overline{"
2023/2023수능_03.md,2,공비와 조건식을 연립하여 첫째항 확정하기,12대수03-02,"키워드 미매칭 (코드: 12대수03-02, 키워드: 등차수열, 일반항, 수열의 합, 등차수열, 공차)",[12대수03-02] $a_4+a_6=a_4(1+r^2)=a_4 \cdot \frac{5}{4}=\frac{15}{2}$ 에서 $a_4=6$. 
2023/2023수능_07.md,1,유리화를 이용하여 텔레스코핑 합으로 변환하기,12대수03-05,"키워드 미매칭 (코드: 12대수03-05, 키워드: 여러 가지 수열, 수열의 합, 계차수열, 군수열, 분수형)",[12대수03-05] $a_1=d$ 이면 $a_n = d+(n-1)d = nd$. 유리화: $\frac{1}{\sqrt{a_k}+\sqrt{a_
2023/2023수능_08.md,1,외부 점을 지나는 접선 조건으로 접점 결정하기,12미적Ⅰ-02-02,"키워드 미매칭 (코드: 12미적Ⅰ-02-02, 키워드: 미분가능성, 연속성, 미분가능성, 연속성, 미분가능)","[12미적Ⅰ-02-02] 접점 $(t, t^3-t+2)$ 에서 기울기 $f'(t)=3t^2-1$. 점 $(0,4)$ 통과 조건: $4-(t^3-"
2023/2023수능_15.md,3,배수와 나머지 성질로 배수 제외 케이스의 목표 항 마지막 후보 확정하기,12대수03-06,"키워드 미매칭 (코드: 12대수03-06, 키워드: 귀납적 정의, 점화식, 귀납적 정의, 수학적 귀납법)",[12대수03-06] 네 번째 항 $a_4$가 항상 3의 배수임을 증명하여 일차방정식 수립
2023/2023수능_16.md,2,일차방정식 풀이 후 진수 조건으로 확정하기,12대수01-04,"키워드 미매칭 (코드: 12대수01-04, 키워드: 로그의 뜻, 로그의 성질, 로그, log, 상용로그)",[12대수01-04] $3x+2=4x-8 \Rightarrow x=10$. $x=10>2$ ✓
2023/2023수능_19.md,1,h(x)로 치환하여 함수의 극값을 분석하고 그래프 개형을 파악하기,12미적Ⅰ-02-03,"키워드 미매칭 (코드: 12미적Ⅰ-02-03, 키워드: 도함수, 도함수, 미분, f'(x), 도함수를)","[12미적Ⅰ-02-03] $h(x)=2x^2(3-x)$ 로 치환, $h'(x)=6x(2-x)$ 로 극값 분석"
2023/2023수능_19.md,2,양의 실근 개수 조건에서 미정계수의 범위를 구하여 정수 개수 결정하기,12미적Ⅰ-02-03,"키워드 미매칭 (코드: 12미적Ⅰ-02-03, 키워드: 도함수, 도함수, 미분, f'(x), 도함수를)",[12미적Ⅰ-02-03] $x>0$ 에서 $h$: $0$ 에서 극대 $8$ 로 증가 후 감소하여 $x=3$ 에서 $0$. $0<k<8$ 이면 $
2023/2023수능_확28.md,1,전체 확률 합 조건과 주어진 식을 연립하여 각 구간의 확률값을 산출하기,12확통03-04,"키워드 미매칭 (코드: 12확통03-04, 키워드: 정규분포, 이항분포와의 관계, 정규분포, 이항분포와의 관계, 표준정규분포)",[12확통03-04] 전체 확률의 합이 1임을 나타내는 $\mathrm{P}(X \le b) + \mathrm{P}(X \ge b) = 1$과 
2023/2023수능_확28.md,2,삼각형 넓이 공식을 이용하여 전체 넓이와 구간 확률 조건으로 미지수 관계식을 수립하기,12확통03-04,"키워드 미매칭 (코드: 12확통03-04, 키워드: 정규분포, 이항분포와의 관계, 정규분포, 이항분포와의 관계, 표준정규분포)","[12확통03-04] 주어진 그래프가 원점 $(0,0)$, 극댓점 $(b,c)$, 끝점 $(a,0)$을 잇는 삼각형 형태임을 파악하고, 전체 넓"
2023/2023수능_확28.md,3,넓이를 이용한 특정 확률값으로 미지수의 값을 구하고 세 상수의 합 산출하기,12확통03-04,"키워드 미매칭 (코드: 12확통03-04, 키워드: 정규분포, 이항분포와의 관계, 정규분포, 이항분포와의 관계, 표준정규분포)","[12확통03-04] $\sqrt{5} < b$ 임을 파악하고, $0 \le x \le b$ 구간의 직선의 방정식 $f(x)=\frac{c}{b"
2023/2023수능_확29.md,1,전체 합의 홀짝성을 이용하여 카드가 뒤집히는 조건 추론하기,10공수1-03-01,"키워드 미매칭 (코드: 10공수1-03-01, 키워드: 합의 법칙, 곱의 법칙, 경우의 수, 합의 법칙, 곱의 법칙)","[10공수1-03-01] 초기 상태의 합이 홀수(21)임을 파악하고, 최종 합이 짝수가 되려면 시행에 의해 '홀수 번(1번 또는 3번) 뒤집혀서"
2023/2023수능_확30.md,1,함숫값의 범위 조건을 분석하여 가능한 순서쌍 분류하기,10공수2-03-01,"키워드 미매칭 (코드: 10공수2-03-01, 키워드: 함수의 개념, 함수의 그래프, 정의역, 치역, 공역)","[10공수2-03-01] $f(5)$와 $f(6)$이 취할 수 있는 값의 범위를 연립하여 조건을 만족하는 $(f(5), f(6))$ 순서쌍을 배"
2024/2024.6모_10.md,1,정적분과 넓이의 관계를 이용하여 방정식 수립하기,12미적Ⅰ-03-06,"키워드 미매칭 (코드: 12미적Ⅰ-03-06, 키워드: 속도, 거리, 속도, 거리, 이동거리)","[12미적Ⅰ-03-06] 넓이 $A$는 구간 $[0,2]$의 정적분(양수), 넓이 $B$는 구간 $[2,3]$의 정적분의 절댓값(피적분 함수가 "
2024/2024.6모_11.md,2,직선의 방정식을 이용하여 교점의 좌표 산출하기,10공수1-02-09,"키워드 미매칭 (코드: 10공수1-02-09, 키워드: 연립일차부등식, 연립일차부등식, 부등식, 범위)","[10공수1-02-09] 원점 $(0,0)$과 $\mathrm{P}(t, t^2)$를 지나는 직선의 방정식 $y=tx$를 구하고, 직선 $y=2"
2024/2024.6모_11.md,3,거리 공식과 극한의 성질을 이용하여 최종 결과 도출하기,12미적Ⅰ-02-01,"키워드 미매칭 (코드: 12미적Ⅰ-02-01, 키워드: 미분계수, 순간변화율, 미분계수, 순간변화율, 평균변화율)","[12미적Ⅰ-02-01] $\mathrm{P}(t, t^2), \mathrm{Q}(1/t, 1)$ 사이의 거리를 구하고, $1-t$로 나누어 $"
2024/2024.6모_12.md,2,집합의 교점 조건을 이용하여 공차의 가능한 값 산출하기,10공수1-02-09,"키워드 미매칭 (코드: 10공수1-02-09, 키워드: 연립일차부등식, 연립일차부등식, 부등식, 범위)","[10공수1-02-09] $B$의 원소들이 $A$의 원소와 일치하는 경우의 수를 조합하여 $d$에 대한 방정식을 풀고, $d \neq 0$ 조건"
2024/2024.6모_01.md,1,세제곱근을 거듭제곱으로 변환하여 계산하기,12대수01-03,"키워드 미매칭 (코드: 12대수01-03, 키워드: 지수법칙의 활용, 밑의 조건, 지수법칙, 지수방정식, 지수부등식)",[12대수01-03] 거듭제곱근의 성질 $\sqrt[n]{a^m} = a^{\frac{m}{n}}$ 을 이용하여 계산
2024/2024.6모_07.md,2,두 점 간 거리 조건으로 방정식을 세워 목표 상수 a 확정하기,12대수01-04,"키워드 미매칭 (코드: 12대수01-04, 키워드: 로그의 뜻, 로그의 성질, 로그, log, 상용로그)",[12대수01-04] A와 B의 x좌표가 같으므로 $\overline{\mathrm{AB}} = |y_A - y_B|$ 를 계산하여 $a$ 결정
2024/2024.6모_08.md,1,두 곡선의 교점 조건을 이용하여 실근 개수 문제로 변환하기,12미적Ⅰ-02-09,"키워드 미매칭 (코드: 12미적Ⅰ-02-09, 키워드: 방정식과 부등식, 문제해결, 방정식과 부등식, 근의 개수, 실근의 개수)","[12미적Ⅰ-02-09] 두 곡선의 교점 조건 $y_1 = y_2$ 로부터 방정식 $h(x) = -(1+k)$ (단, $h(x) = x^3-3x"
2024/2024.6모_17.md,2,초기 조건으로 적분상수를 결정하고 목표 함숫값 계산하기,12미적Ⅰ-03-02,"키워드 미매칭 (코드: 12미적Ⅰ-03-02, 키워드: 부정적분의 계산, 다항함수, 부정적분의 계산, 부정적분, 적분하면)","[12미적Ⅰ-03-02] $x=0$ 대입으로 $C$ 를 결정하고, $x=2$ 를 대입하여 $f(2)$ 계산"
2024/2024.6모_20.md,2,절댓값 부등식의 최솟값 조건을 분석하여 함수의 미지수 확정하기,12미적Ⅰ-03-04,"키워드 미매칭 (코드: 12미적Ⅰ-03-04, 키워드: 부정적분과 정적분의 관계, 부정적분과 정적분, 미적분의 기본정리, 기본정리, 정적분으로 정의된)",[12미적Ⅰ-03-04] $g(x)$가 $x \ge 1$에서 부호가 바뀌므로 절댓값의 최솟값이 $0$이어야 함을 파악하고 $g(3)=0$ 방정식
2024/2024.6모_21.md,3,함숫값의 대소 비교를 이용하여 특정 부등식의 참거짓 판별하기,12미적Ⅰ-02-09,"키워드 미매칭 (코드: 12미적Ⅰ-02-09, 키워드: 방정식과 부등식, 문제해결, 방정식과 부등식, 근의 개수, 실근의 개수)","[12미적Ⅰ-02-09] $x=t$일 때 두 함수의 함숫값 대소를 비교하여 부등식 $t-1 \ge \log_2 t$를 도출하고, 곡선의 볼록성을"
2024/2024.6모_22.md,4,확정된 매개변수로 도함수를 완성하고 목표점에서의 미분계수 산출하기,12미적Ⅰ-02-04,"키워드 미매칭 (코드: 12미적Ⅰ-02-04, 키워드: 미분법, 다항함수, 미분법, 곱의 미분, 다항함수)","[12미적Ⅰ-02-04] $a=-2$를 도함수 식에 대입하여 확정하고, $x=10$을 대입하여 연산"
2024/2024.6모_확26.md,2,추출된 항들의 곱을 조합하여 x² 계수를 최종 합산하기,12확통01-03,"키워드 미매칭 (코드: 12확통01-03, 키워드: 이항정리, 이항정리, 이항계수, 파스칼)",[12확통01-03] $1\times84+(-6)\times14+15\times1=84-84+15=15$
2024/2024.6모_확27.md,1,배수 조건에 따른 경우 분류로 조건 만족 순서쌍 열거하기,12확통02-04,"키워드 미매칭 (코드: 12확통02-04, 키워드: 조건부확률, 조건부확률, p(a|b), p(b|a))","[12확통02-04] 4를 포함하는 경우: $(4,k),(k,4)$ 11가지. 4 없이 4의 배수: $(2,2),(2,6),(6,2),(6,6)"
2024/2024.6모_확27.md,2,합 조건으로 교집합 경우의 수를 세어 조건부 확률을 산출하기,12확통02-04,"키워드 미매칭 (코드: 12확통02-04, 키워드: 조건부확률, 조건부확률, p(a|b), p(b|a))","[12확통02-04] 4 포함 11가지 중 $a+b\leq7$: $(4,1)$,$(4,2)$,$(4,3)$,$(1,4)$,$(2,4)$,$(3,"
2024/2024.9모_10.md,3,삼차함수의 식을 수립하고 미지수 산출하기,12미적Ⅰ-02-03,"키워드 미매칭 (코드: 12미적Ⅰ-02-03, 키워드: 도함수, 도함수, 미분, f'(x), 도함수를)","[12미적Ⅰ-02-03] 최고차항의 계수가 1이고 $f'(2)=0$인 성질을 이용하거나, $f(x)-3$의 인수를 고려하여 $f(x)$ 식을 설"
2024/2024.9모_11.md,2,위치 차이 방정식을 풀어 특정 시점 산출하기,10공수1-02-09,"키워드 미매칭 (코드: 10공수1-02-09, 키워드: 연립일차부등식, 연립일차부등식, 부등식, 범위)",[10공수1-02-09] $|x_1(t) - x_2(t)| = 4$ 방정식을 세우고 가장 작은 양의 실근 $T$ 산출
2024/2024.9모_12.md,2,이전 항으로의 역추적을 통해 첫째항의 가능한 값을 산출하기,12대수03-04,"키워드 미매칭 (코드: 12대수03-04, 키워드: 시그마, 합의 기호, 시그마, ∑, \sum)",[12대수03-04] $a_2$로부터 $a_1$을 역추적 ( $a_2 = a_1+1$ 또는 $a_2 = \frac{1}{2} a_1$ )
2024/2024.9모_12.md,3,가능한 첫째항의 값들을 모두 더하여 최종 합계를 산출하기,12대수03-04,"키워드 미매칭 (코드: 12대수03-04, 키워드: 시그마, 합의 기호, 시그마, ∑, \sum)",[12대수03-04] 구한 $a_1$ 값들을 모두 더함
2024/2024.9모_07.md,2,치환된 변수의 합과 곱으로 역수 합 공식을 적용하여 목표값 산출하기,12대수01-04,"키워드 미매칭 (코드: 12대수01-04, 키워드: 로그의 뜻, 로그의 성질, 로그, log, 상용로그)",[12대수01-04] $\frac{1}{u} + \frac{1}{v} = \frac{u+v}{uv}$ 공식을 이용하여 계산
2024/2024.9모_08.md,2,특정 조건값 대입으로 미지 상수 확정 후 목표 함숫값 산출하기,12미적Ⅰ-03-02,"키워드 미매칭 (코드: 12미적Ⅰ-03-02, 키워드: 부정적분의 계산, 다항함수, 부정적분의 계산, 부정적분, 적분하면)","[12미적Ⅰ-03-02] $f(x)$ 에 $x=1$ 을 대입하여 $f(1)$ 을 구한 뒤, $x=2$ 를 대입하여 $f(2)$ 계산"
2024/2024.9모_18.md,2,특정 점의 미분계수 조건으로 방정식을 세워 미지 계수 a 확정하기,12미적Ⅰ-02-04,"키워드 미매칭 (코드: 12미적Ⅰ-02-04, 키워드: 미분법, 다항함수, 미분법, 곱의 미분, 다항함수)",[12미적Ⅰ-02-04] $f'(x)$ 에 $x=1$ 을 대입하여 $a$ 에 대한 방정식 수립 후 풀기
2024/2024.9모_확25.md,2,확률의 차 공식을 이용하여 목표 사건의 확률을 산출하기,12확통02-02,"키워드 미매칭 (코드: 12확통02-02, 키워드: 확률의 덧셈정리, 확률의 덧셈정리, 덧셈정리, 배반사건, 합사건)",[12확통02-02] $\frac{1}{2}-\frac{1}{5}=\frac{5}{10}-\frac{2}{10}=\frac{3}{10}$
2024/2024.9모_확27.md,1,특정 원소의 함숫값을 고정하여 일대일함수의 가지 수를 제한하기,10공수1-03-02,"키워드 미매칭 (코드: 10공수1-03-02, 키워드: 순열, 순열, npr)","[10공수1-03-02] 전체: $P(7,4)=840$. (가) 고정: 나머지 $P(6,3)=120$ 가지"
2024/2024.9모_확29.md,2,상태 전이 규칙을 분석하여 목표 상태 도달 횟수 분류하기,10공수1-03-01,"키워드 미매칭 (코드: 10공수1-03-01, 키워드: 합의 법칙, 곱의 법칙, 경우의 수, 합의 법칙, 곱의 법칙)",[10공수1-03-01] 앞면과 뒷면이 바뀌는 횟수의 홀짝성을 파악하여 카드가 B면이 되기 위해 필요한 유효 뒤집힘 횟수 선별
2024/2024.9모_확30.md,1,정수의 홀짝성을 이용하여 미지수의 배반사건 분류하기,10공수1-03-01,"키워드 미매칭 (코드: 10공수1-03-01, 키워드: 합의 법칙, 곱의 법칙, 경우의 수, 합의 법칙, 곱의 법칙)","[10공수1-03-01] $a$와 $d$가 모두 홀수임을 확인하고, $b$와 $c$의 홀짝성이 일치해야 함을 바탕으로 전체 사건을 두 개의 배반"
2024/2024수능_12.md,2,도함수를 이용하여 넓이 함수의 극값 조건 분석하기,12미적Ⅰ-02-01,"키워드 미매칭 (코드: 12미적Ⅰ-02-01, 키워드: 미분계수, 순간변화율, 미분계수, 순간변화율, 평균변화율)",[12미적Ⅰ-02-01] $S(t)$를 $t$에 대해 미분하여 $S'(t) = f(t) + f(t)f'(t) = f(t)\{1 + f'(t)\}
2024/2024수능_13.md,2,넓이의 비를 이용하여 각의 사인값 산출하기,12대수02-03,"키워드 미매칭 (코드: 12대수02-03, 키워드: 사인법칙, 코사인법칙, 사인법칙, 코사인법칙, 삼각형 넓이)",[12대수02-03] 각 넓이 공식을 이용하여 $\triangle \mathrm{ACD}$의 사잇각 $\angle \mathrm{ADC}$ (또
2024/2024수능_01.md,1,소인수분해로 거듭제곱근을 유리수 지수 형태로 변환하기,12대수01-03,"키워드 미매칭 (코드: 12대수01-03, 키워드: 지수법칙의 활용, 밑의 조건, 지수법칙, 지수방정식, 지수부등식)",[12대수01-03] $24 = 8 \times 3 = 2^3 \times 3$ 으로 소인수 분해하여 $\sqrt[3]{24} = 2 \time
2024/2024수능_05.md,2,초기 조건으로 적분상수를 결정하고 목표 함숫값 계산하기,12미적Ⅰ-03-02,"키워드 미매칭 (코드: 12미적Ⅰ-03-02, 키워드: 부정적분의 계산, 다항함수, 부정적분의 계산, 부정적분, 적분하면)","[12미적Ⅰ-03-02] $x=1$ 대입으로 $C$ 를 결정하고, $x=2$ 를 대입하여 $f(2)$ 계산"
2024/2024수능_14.md,2,대칭축의 위치를 이용하여 이차함수의 최솟값 조건 수립하기,10공수1-02-06,"키워드 미매칭 (코드: 10공수1-02-06, 키워드: 최대, 최소, 실생활 연결, 최대, 최소)",[10공수1-02-06] 대칭축 $x=\frac{b+2}{2}$의 위치에 따른 증감 개형과 최솟값 $m = -\frac{a(b-2)^2}{4}+
2024/2024수능_15.md,3,역추적 규칙을 적용하여 수열의 중반부 항들의 경우의 수 산출하기,12대수03-06,"키워드 미매칭 (코드: 12대수03-06, 키워드: 귀납적 정의, 점화식, 귀납적 정의, 수학적 귀납법)",[12대수03-06] 역추적 규칙을 순차적으로 적용하여 집합 형태의 가능한 값들 구성
2024/2024수능_15.md,4,모든 경우의 수를 전개하여 첫째항의 총합 산출하기,12대수03-06,"키워드 미매칭 (코드: 12대수03-06, 키워드: 귀납적 정의, 점화식, 귀납적 정의, 수학적 귀납법)","[12대수03-06] $a_3$에서 $a_2, a_1$까지 역추적 규칙을 끝까지 적용하고 결과 합산"
2024/2024수능_21.md,2,닫힌구간의 이동을 분석하여 최댓값 함수의 최솟값 조건 연역하기,12미적Ⅰ-02-07,"키워드 미매칭 (코드: 12미적Ⅰ-02-07, 키워드: 증가와 감소, 극대와 극소, 증가와 감소, 극대와 극소, 극대)","[12미적Ⅰ-02-07] 구간의 길이가 $2$임을 이용하여, $f(x)$가 $5$ 미만으로 떨어지는 구역을 구간이 온전히 포함하지 못하도록 논리"
2024/2024수능_22.md,1,함숫값의 부호 조건을 분석하여 함수의 근의 형태 추론하기,10공수1-02-03,"키워드 미매칭 (코드: 10공수1-02-03, 키워드: 근과 계수의 관계, 근과 계수, 비에타, 두 근의 합, 두 근의 곱)","[10공수1-02-03] 삼차함수가 $x$축을 교차하며 부호가 변할 때 발생하는 모순을 방지하기 위해, 두 개 이상의 정수 근이 필요함을 연역"
2024/2024수능_22.md,3,특정 미분계수를 대입하여 함수의 미지수 확정하기,12미적Ⅰ-02-04,"키워드 미매칭 (코드: 12미적Ⅰ-02-04, 키워드: 미분법, 다항함수, 미분법, 곱의 미분, 다항함수)",[12미적Ⅰ-02-04] $f(x)$를 전개하여 미분한 도함수 식에 $x=-\frac{1}{4}$를 대입하고 $\alpha$에 대한 일차방정식 
2024/2024수능_확24.md,2,두 사건의 독립 조건과 교사건 확률로 사건 B의 확률 확정하기,12확통02-06,"키워드 미매칭 (코드: 12확통02-06, 키워드: 확률의 곱셈정리, 확률의 곱셈정리, 곱셈정리)",[12확통02-06] $\mathrm{P}(B)=\frac{\mathrm{P}(A\cap B)}{\mathrm{P}(A)}=\frac{1/4}{
2024/2024수능_확28.md,2,연립방정식을 이용하여 조건을 만족시키는 시행 횟수의 순서쌍 파악하기,10공수1-03-01,"키워드 미매칭 (코드: 10공수1-03-01, 키워드: 합의 법칙, 곱의 법칙, 경우의 수, 합의 법칙, 곱의 법칙)","[10공수1-03-01] 각 사건이 발생한 횟수를 미지수 $x, y, z$로 두고, 총 시행 횟수와 전체 공의 개수에 대한 연립방정식을 세워 가"
2025/2025.6모_10.md,2,외접원 반지름을 이용하여 실제 변의 길이 산출하기,12대수02-03,"키워드 미매칭 (코드: 12대수02-03, 키워드: 사인법칙, 코사인법칙, 사인법칙, 코사인법칙, 삼각형 넓이)","[12대수02-03] 반지름 $R=3$임을 확인하고, $b = 2R \sin B$ 등의 관계를 통해 각과 변의 구체적 값 산출"
2025/2025.6모_11.md,3,삼차함수의 식을 완성하고 최종 결과 도출하기,12미적Ⅰ-02-03,"키워드 미매칭 (코드: 12미적Ⅰ-02-03, 키워드: 도함수, 도함수, 미분, f'(x), 도함수를)","[12미적Ⅰ-02-03] 최고차항 계수가 1이고 $f(0)=0, f(-1)=1, f'(-1)=3$ 임을 이용하여 $f(x) = x^3 + bx^"
2025/2025.6모_12.md,3,사각형의 넓이 공식을 이용하여 최종 결과 도출하기,10공수2-01-01,"키워드 미매칭 (코드: 10공수2-01-01, 키워드: 선분의 내분, 내분점, 내분점, 중점, 외분점)","[10공수2-01-01] 사각형 ABCD가 한 쌍의 대변이 축에 평행한 사각형이므로, 사다리꼴 넓이 공식 또는 두 삼각형의 합으로 산출"
2025/2025.6모_13.md,1,정적분과 넓이의 차이를 이용하여 수식 수립하기,12미적Ⅰ-03-06,"키워드 미매칭 (코드: 12미적Ⅰ-03-06, 키워드: 속도, 거리, 속도, 거리, 이동거리)",[12미적Ⅰ-03-06] 넓이의 차 $B-A$는 $0$부터 $2$까지 두 함수의 차를 정적분한 값임을 이용하여 $\int_{0}^{2} \{ (
2025/2025.6모_14.md,4,자연수 해의 개수 조건으로 공통 상한을 만족하는 매개변수를 탐색하여 합산하기,10공수1-03-01,"키워드 미매칭 (코드: 10공수1-03-01, 키워드: 합의 법칙, 곱의 법칙, 경우의 수, 합의 법칙, 곱의 법칙)","[10공수1-03-01] $k=1, 2, 3, \dots$ 을 대입하며 공통 상한을 계산하여, 만족하는 자연수 $n$이 정확히 12개($1 \s"
2025/2025.6모_18.md,2,자연수 제곱합·합 공식으로 시그마 값을 계산하고 일차방정식으로 상수 결정하기,12대수03-05,"키워드 미매칭 (코드: 12대수03-05, 키워드: 여러 가지 수열, 수열의 합, 계차수열, 군수열, 분수형)","[12대수03-05] $\sum_{k=1}^{9}k^2=285$, $\sum_{k=1}^{9}k=45$ 대입 → $285a-450=120$ → "
2025/2025.6모_19.md,1,속도 함수의 부호 변화를 통해 운동 방향이 바뀌는 시각 도출하기,12미적Ⅰ-02-09,"키워드 미매칭 (코드: 12미적Ⅰ-02-09, 키워드: 방정식과 부등식, 문제해결, 방정식과 부등식, 근의 개수, 실근의 개수)",[12미적Ⅰ-02-09] 속도와 가속도 (속도 함수의 부호가 변하는 시각 $v(t)=0$ 파악)
2025/2025.6모_21.md,1,부등식을 만족시키는 실수의 최댓값 조건을 분석하여 함수의 형태와 근 추론하기,12미적Ⅰ-02-07,"키워드 미매칭 (코드: 12미적Ⅰ-02-07, 키워드: 증가와 감소, 극대와 극소, 증가와 감소, 극대와 극소, 극대)",[12미적Ⅰ-02-07] $x>2$에서 $f'(x)>0$이고 $x=2$에서 부호가 바뀌어야 하므로 $f'(2)=0$임을 도출하여 도함수 식 수립
2025/2025.6모_22.md,3,일차방정식 풀이로 양수 분기 케이스의 첫째항 후보 산출하기,12대수03-06,"키워드 미매칭 (코드: 12대수03-06, 키워드: 귀납적 정의, 점화식, 귀납적 정의, 수학적 귀납법)",[12대수03-06] $a_9 > 0$ 과 $a_9 \le 0$ 으로 나누어 연립 일차방정식을 풀고 조건 만족 여부 확인
2025/2025.6모_22.md,4,일차방정식 풀이로 음수 분기 케이스의 첫째항을 확정하고 전체 후보의 곱 산출하기,12대수03-06,"키워드 미매칭 (코드: 12대수03-06, 키워드: 귀납적 정의, 점화식, 귀납적 정의, 수학적 귀납법)","[12대수03-06] $a_9 > 0$ 과 $a_9 \le 0$ 으로 나누어 연립 일차방정식을 푼 후, 조건을 만족하는 $a_1$ 을 찾아 모든"
2025/2025.6모_확29.md,2,확률이 같다는 조건을 분석하여 색상별 공의 개수 연립하여 구하기,10공수1-02-08,"키워드 미매칭 (코드: 10공수1-02-08, 키워드: 연립이차방정식, 연립이차방정식, 연립이차)","[10공수1-02-08] $p=q$ 식을 전개하여 분자의 조합을 계산하고, $w+b=40$과 연립하여 $b$와 $w$의 값 산출"
2025/2025.9모_10.md,3,피타고라스 정리를 이용하여 목적 선분의 길이 산출하기,10공수2-01-01,"키워드 미매칭 (코드: 10공수2-01-01, 키워드: 선분의 내분, 내분점, 내분점, 중점, 외분점)",[10공수2-01-01] 직각삼각형 ABH 또는 ACH에서 피타고라스 정리를 적용하여 변의 길이 연산
2025/2025.9모_11.md,1,위치 방정식을 풀어 만나는 시각 산출하기,10공수1-02-09,"키워드 미매칭 (코드: 10공수1-02-09, 키워드: 연립일차부등식, 연립일차부등식, 부등식, 범위)",[10공수1-02-09] $x_1(t) = x_2(t)$ 방정식을 세우고 양의 실근 $t$ 산출
2025/2025.9모_11.md,3,특정 시점의 가속도 값 대입 및 차이 산출하기,10공수1-02-09,"키워드 미매칭 (코드: 10공수1-02-09, 키워드: 연립일차부등식, 연립일차부등식, 부등식, 범위)","[10공수1-02-09] $t=6$을 각 가속도 식에 대입하여 $p, q$ 값을 구하고 $p-q$ 계산"
2025/2025.9모_13.md,2,정적분의 성질을 이용하여 넓이의 관계 분석하기,12미적Ⅰ-03-06,"키워드 미매칭 (코드: 12미적Ⅰ-03-06, 키워드: 속도, 거리, 속도, 거리, 이동거리)","[12미적Ⅰ-03-06] $A/2$는 $0$부터 $1+\sqrt{7}$까지의 넓이이고, $B$는 $1+\sqrt{7}$부터 $k$까지의 넓이의 "
2025/2025.9모_09.md,1,정적분의 성질을 이용한 식 간단히 하기,12미적Ⅰ-03-05,"키워드 미매칭 (코드: 12미적Ⅰ-03-05, 키워드: 도형의 넓이, 도형의 넓이, 넓이, 곡선으로 둘러싸인, 면적)",[12미적Ⅰ-03-05] 정적분의 기본 성질 (합·차와 실수배 처리)
2025/2025.9모_09.md,2,주어진 함수를 정리된 식에 대입하여 정적분을 계산하기,12미적Ⅰ-03-04,"키워드 미매칭 (코드: 12미적Ⅰ-03-04, 키워드: 부정적분과 정적분의 관계, 부정적분과 정적분, 미적분의 기본정리, 기본정리, 정적분으로 정의된)",[12미적Ⅰ-03-04] 다항함수의 정적분 계산
2025/2025.9모_14.md,2,지수함수의 성질을 활용하여 각 점의 좌표 확정하기,12대수01-03,"키워드 미매칭 (코드: 12대수01-03, 키워드: 지수법칙의 활용, 밑의 조건, 지수법칙, 지수방정식, 지수부등식)","[12대수01-03] 도출된 식 $2^{a_n}(2^n - 1) = 3n$에 $n=1, 2, 3$을 차례로 대입하여 각 단계의 $A_n, B_n"
2025/2025.9모_14.md,3,역함수와 원의 대칭성을 분석하여 교점의 좌표를 추론하고 목표 합 산출하기,10공수2-01-03,"키워드 미매칭 (코드: 10공수2-01-03, 키워드: 점과 직선 사이의 거리, 점과 직선 사이의 거리, 수선의 발)","[10공수2-01-03] $y=2^x$와 $y=\log_2 x$가 $y=x$ 대칭임을 파악하고, 원의 대칭성을 통해 $x_n = 2^{b_n}$"
2025/2025.9모_15.md,1,정적분의 미분으로 함수합 관계식 도출하기,12미적Ⅰ-03-04,"키워드 미매칭 (코드: 12미적Ⅰ-03-04, 키워드: 부정적분과 정적분의 관계, 부정적분과 정적분, 미적분의 기본정리, 기본정리, 정적분으로 정의된)",[12미적Ⅰ-03-04] 양변을 $x$ 에 대하여 미분하여 피적분함수 추출
2025/2025.9모_15.md,3,다항함수의 정적분으로 최종값 산출하기,12미적Ⅰ-03-04,"키워드 미매칭 (코드: 12미적Ⅰ-03-04, 키워드: 부정적분과 정적분의 관계, 부정적분과 정적분, 미적분의 기본정리, 기본정리, 정적분으로 정의된)",[12미적Ⅰ-03-04] $g(x)$ 를 대입하여 정적분 계산
2025/2025.9모_16.md,3,이차방정식을 풀고 진수 조건을 적용하여 유효한 해를 선별하기,12미적Ⅰ-02-08,"키워드 미매칭 (코드: 12미적Ⅰ-02-08, 키워드: 그래프의 개형, 그래프의 개형, 개형, 오목, 볼록)",[12미적Ⅰ-02-08] 이차방정식 풀이 및 진수 조건 확인
2025/2025.9모_21.md,1,미지수를 설정하여 주어진 함수의 차분 식을 다항식으로 전개하기,12미적Ⅰ-02-04,"키워드 미매칭 (코드: 12미적Ⅰ-02-04, 키워드: 미분법, 다항함수, 미분법, 곱의 미분, 다항함수)",[12미적Ⅰ-02-04] $f(x)=x^3+ax^2+bx+c$로 두고 주어진 식 대입 후 전개하여 다항식 도출
2025/2025.9모_21.md,2,연립부등식을 분리하여 모든 정수에서 성립하는 두 이차부등식 도출하기,12미적Ⅰ-02-09,"키워드 미매칭 (코드: 12미적Ⅰ-02-09, 키워드: 방정식과 부등식, 문제해결, 방정식과 부등식, 근의 개수, 실근의 개수)","[12미적Ⅰ-02-09] 연립부등식을 좌변과 우변을 기준으로 분리하여 두 개의 이차부등식 $P(k) \ge 0$, $Q(k) \ge 0$ 꼴로 "
2025/2025.9모_21.md,3,두 부등식의 합의 최솟값을 이용하여 삼차함수의 미지수 결정하기,12미적Ⅰ-02-09,"키워드 미매칭 (코드: 12미적Ⅰ-02-09, 키워드: 방정식과 부등식, 문제해결, 방정식과 부등식, 근의 개수, 실근의 개수)","[12미적Ⅰ-02-09] 두 식을 더하여 $4k^2+12k+8 \ge 0$을 도출하고, 이 값이 $0$이 되는 특정한 정수 $k=-1, -2$를"
2025/2025.9모_21.md,4,확정된 삼차함수를 미분하여 목표점에서의 미분계수 산출하기,12미적Ⅰ-02-04,"키워드 미매칭 (코드: 12미적Ⅰ-02-04, 키워드: 미분법, 다항함수, 미분법, 곱의 미분, 다항함수)",[12미적Ⅰ-02-04] $f(x)$의 식을 이용하여 도함수 $f'(x)$를 구한 뒤 $x=3$ 대입
2025/2025.9모_22.md,2,부호 조건을 확인하며 특정 항의 값 구하기,12대수03-06,"키워드 미매칭 (코드: 12대수03-06, 키워드: 귀납적 정의, 점화식, 귀납적 정의, 수학적 귀납법)","[12대수03-06] $a_1$에서 $a_2, a_3$까지 수형도를 그려 전개한 뒤 부호가 교차하는 유효 경로 선택"
2025/2025.9모_확28.md,1,약수와 배수의 관계를 분석하여 함수가 만족해야 할 필수 조건 파악하기,10공수1-03-01,"키워드 미매칭 (코드: 10공수1-03-01, 키워드: 합의 법칙, 곱의 법칙, 경우의 수, 합의 법칙, 곱의 법칙)","[10공수1-03-01] $X = \{1, 2, 3, 4\}$의 원소들 사이의 약수 관계를 파악하여, 각 함숫값 $f(1)$, $f(2)$, $"
2025/2025수능_10.md,3,최솟값 조건을 고려하여 최종 결과 도출하기,10공수1-02-09,"키워드 미매칭 (코드: 10공수1-02-09, 키워드: 연립일차부등식, 연립일차부등식, 부등식, 범위)",[10공수1-02-09] 확정된 $a=10$ 과 $b$ 의 후보 중 가장 작은 자연수 $b=6$ 을 대입하여 합산
2025/2025수능_13.md,2,직선 OP의 방정식을 구하고 영역의 구조 분석하기,10공수1-02-09,"키워드 미매칭 (코드: 10공수1-02-09, 키워드: 연립일차부등식, 연립일차부등식, 부등식, 범위)","[10공수1-02-09] $f(3) = 27 - 21 + 6 = 12$ 이므로 점 $\mathrm{P}$의 좌표 $(3, 12)$를 구하고 직선"
2025/2025수능_13.md,3,정적분의 성질을 이용하여 넓이의 차 산출하기,12미적Ⅰ-03-06,"키워드 미매칭 (코드: 12미적Ⅰ-03-06, 키워드: 속도, 거리, 속도, 거리, 이동거리)","[12미적Ⅰ-03-06] $A$는 $y$축과 곡선, 직선 사이의 넓이, $B$는 곡선과 직선 사이의 넓이임을 이용하여 $\int_{0}^{3} "
2025/2025수능_01.md,1,밑을 거듭제곱으로 통일하여 유리수 지수로 변환하고 지수 덧셈 법칙으로 곱셈 계산하기,12대수01-03,"키워드 미매칭 (코드: 12대수01-03, 키워드: 지수법칙의 활용, 밑의 조건, 지수법칙, 지수방정식, 지수부등식)","[12대수01-03] $\sqrt[3]{5}=5^{1/3}$, $25^{1/3}=(5^2)^{1/3}=5^{2/3}$. $5^{1/3}\time"
2025/2025수능_09.md,1,정적분의 구간 성질을 이용하여 복잡한 정적분 등식을 단순화하기,12미적Ⅰ-03-05,"키워드 미매칭 (코드: 12미적Ⅰ-03-05, 키워드: 도형의 넓이, 도형의 넓이, 넓이, 곡선으로 둘러싸인, 면적)",[12미적Ⅰ-03-05] 정적분의 성질 (이항 및 적분 구간 연결)
2025/2025수능_09.md,2,정적분을 계산하여 a에 대한 방정식을 세우고 양수 해를 구하기,12미적Ⅰ-03-04,"키워드 미매칭 (코드: 12미적Ⅰ-03-04, 키워드: 부정적분과 정적분의 관계, 부정적분과 정적분, 미적분의 기본정리, 기본정리, 정적분으로 정의된)",[12미적Ⅰ-03-04] 다항함수의 정적분 (적분 계산 및 근 구하기)
2025/2025수능_16.md,2,진수의 등치 관계로 이차방정식을 세우고 진수 조건을 적용하여 해를 구하기,12대수01-04,"키워드 미매칭 (코드: 12대수01-04, 키워드: 로그의 뜻, 로그의 성질, 로그, log, 상용로그)",[12대수01-04] 이차방정식 풀이 및 진수 조건 확인
2025/2025수능_19.md,2,극댓값 식을 통해 a 구하기 및 목표 함숫값 계산하기,12미적Ⅰ-02-07,"키워드 미매칭 (코드: 12미적Ⅰ-02-07, 키워드: 증가와 감소, 극대와 극소, 증가와 감소, 극대와 극소, 극대)",[12미적Ⅰ-02-07] 함수에 대입하여 방정식 풀이 및 최종 값 대입
2025/2025수능_22.md,1,'조건을 만족시키는 최솟값'의 의미 파악하기,12대수03-06,"키워드 미매칭 (코드: 12대수03-06, 키워드: 귀납적 정의, 점화식, 귀납적 정의, 수학적 귀납법)","[12대수03-06] $m=3$을 대입하여 목표 관계식을 설정하고, $m=1, 2$일 때 성립하지 않음을 부등식으로 명제화"
2025/2025수능_확28.md,1,약수와 배수 조건을 분석하여 가능한 양 끝 함숫값의 순서쌍 파악하기,10공수1-03-01,"키워드 미매칭 (코드: 10공수1-03-01, 키워드: 합의 법칙, 곱의 법칙, 경우의 수, 합의 법칙, 곱의 법칙)","[10공수1-03-01] $6$의 약수인 $1, 2, 3, 6$이 되도록 하는 $f(1)$과 $f(6)$의 조합 중 $f(1) \le f(6)$"
2025/2025수능_확30.md,2,특수 시행의 횟수를 기준으로 배반사건 분류하기,10공수1-03-01,"키워드 미매칭 (코드: 10공수1-03-01, 키워드: 합의 법칙, 곱의 법칙, 경우의 수, 합의 법칙, 곱의 법칙)","[10공수1-03-01] 특수 시행의 발생 횟수($0$, $1$, $2$, $3$회)를 기준으로 배반사건을 나누고, 나머지 시행 횟수 분배"
2026/2026.6모_05.md,1,다항함수를 부정적분하여 원시함수를 구한 후 경계값을 대입해 정적분 값 산출하기,12미적Ⅰ-03-04,"키워드 미매칭 (코드: 12미적Ⅰ-03-04, 키워드: 부정적분과 정적분의 관계, 부정적분과 정적분, 미적분의 기본정리, 기본정리, 정적분으로 정의된)",[12미적Ⅰ-03-04] 원시함수 $F(x) = 2x^3 - x^2 + x$. $F(2)-F(0)=(16-4+2)-0=14$
2026/2026.6모_09.md,1,정적분의 덧셈 성질을 이용하여 주어진 등식을 단순한 적분식으로 변환하기,12미적Ⅰ-03-04,"키워드 미매칭 (코드: 12미적Ⅰ-03-04, 키워드: 부정적분과 정적분의 관계, 부정적분과 정적분, 미적분의 기본정리, 기본정리, 정적분으로 정의된)",[12미적Ⅰ-03-04] 다항함수의 정적분 (정적분의 덧셈과 뺄셈 성질)
2026/2026.6모_09.md,2,대칭 구간의 기함수·우함수 적분 성질을 이용하여 미지수 상수 확정하기,12미적Ⅰ-03-04,"키워드 미매칭 (코드: 12미적Ⅰ-03-04, 키워드: 부정적분과 정적분의 관계, 부정적분과 정적분, 미적분의 기본정리, 기본정리, 정적분으로 정의된)",[12미적Ⅰ-03-04] 다항함수의 정적분 (기함수와 우함수의 적분 성질 활용)
2026/2026.6모_12.md,2,경우의 수 열거로 조건을 만족하는 수열 후보를 확정하기,12대수03-06,"키워드 미매칭 (코드: 12대수03-06, 키워드: 귀납적 정의, 점화식, 귀납적 정의, 수학적 귀납법)","[12대수03-06] $n=1,2$ 에서 경우의 수 탐색. AA: $a_3=a_1-6\neq a_1$. AB: $a_3=2(a_1-3)=a_1$"
2026/2026.6모_13.md,1,차함수를 정의하여 곡선과 직선의 교점 및 대소 관계를 결정하기,12미적Ⅰ-03-05,"키워드 미매칭 (코드: 12미적Ⅰ-03-05, 키워드: 도형의 넓이, 도형의 넓이, 넓이, 곡선으로 둘러싸인, 면적)",[12미적Ⅰ-03-05] $h(x)=f(x)-\!\left(\frac{1}{3}x-\frac{2}{3}\right)=3x^2-\frac{22}{
2026/2026.6모_13.md,3,정적분 방정식을 인수분해하여 조건을 만족하는 k를 결정하기,12미적Ⅰ-03-04,"키워드 미매칭 (코드: 12미적Ⅰ-03-04, 키워드: 부정적분과 정적분의 관계, 부정적분과 정적분, 미적분의 기본정리, 기본정리, 정적분으로 정의된)",[12미적Ⅰ-03-04] $H(x)=x^3-\frac{11}{3}x^2+\frac{8}{3}x$ 로 계산 후 $H(k)=0$ 을 인수분해하여 $
2026/2026.6모_18.md,2,자연수 제곱합·합 공식으로 분리된 각 시그마의 값을 산출하기,12대수03-05,"키워드 미매칭 (코드: 12대수03-05, 키워드: 여러 가지 수열, 수열의 합, 계차수열, 군수열, 분수형)",[12대수03-05] 자연수의 거듭제곱의 합 계산 공식 적용
2026/2026.6모_21.md,1,첫 번째 극한 조건을 이용하여 사차함수의 인수 파악하기,12미적Ⅰ-01-03,"키워드 미매칭 (코드: 12미적Ⅰ-01-03, 키워드: 함수의 연속, 연속, 불연속, 연속함수)",[12미적Ⅰ-01-03] $x=1$ 과 $x=2$ 에서 좌우 극한의 부호가 바뀜을 분석하여 $g(x)$ 의 영점 도출
2026/2026.6모_21.md,2,두 번째 극한 조건을 이용하여 이차함수의 함숫값 확정하기,12미적Ⅰ-01-03,"키워드 미매칭 (코드: 12미적Ⅰ-01-03, 키워드: 함수의 연속, 연속, 불연속, 연속함수)",[12미적Ⅰ-01-03] 극한식에 $g(x)=f(x)h(x)$ 를 대입하여 식을 정리한 후 좌우 극한이 일치할 조건 수립
2026/2026.6모_22.md,3,세 점의 좌표를 이용하여 삼각형 넓이 공식으로 최종값 산출하기,10공수2-01-03,"키워드 미매칭 (코드: 10공수2-01-03, 키워드: 점과 직선 사이의 거리, 점과 직선 사이의 거리, 수선의 발)",[10공수2-01-03] 원점과 두 점의 좌표를 이용한 사선 공식(또는 삼각형 넓이 공식) 적용
2026/2026.6모_확25.md,2,추출된 항을 나머지 인수와 곱하여 목표 차수의 계수를 최종 합산하기,12확통01-03,"키워드 미매칭 (코드: 12확통01-03, 키워드: 이항정리, 이항정리, 이항계수, 파스칼)",[12확통01-03] $80x^3\cdot1+(-40x^2)\cdot x=80-40=40$
2026/2026.6모_확27.md,1,경우를 분류하여 조건에 맞는 선택 방법의 수를 계산하기,10공수1-03-03,"키워드 미매칭 (코드: 10공수1-03-03, 키워드: 조합, 조합, ncr, 이항계수)","[10공수1-03-03] 경우1: 남4+여1 → $_{5}C_{4}_{3}C_{1}=15$, 경우2: 남5+여0 → $_{5}C_{5}=1$"
2026/2026.6모_확27.md,2,원형 순열을 적용하여 모든 경우의 배열 수를 합산하기,12확통01-01,"키워드 미매칭 (코드: 12확통01-01, 키워드: 중복순열, 같은 것이 있는 순열, 중복순열, 같은 것이 있는 순열, 원순열)",[12확통01-01] 원형 순열: $(5-1)!=4!=24$. 합계: $(15+1)\times24=384$
2026/2026.6모_확28.md,1,배수 조건에 맞는 시행 횟수를 변수로 설정하여 두 사건의 교집합 확정하기,9수02-04,"키워드 미매칭 (코드: 9수02-04, 키워드: 일차방정식, 문제해결)",[9수02-04] 3의 배수가 나오는 횟수를 $x$ 라 하고 각 상자의 공의 개수를 $x$ 에 대한 식으로 표현하여 부등식 풀이
2026/2026.6모_확30.md,1,부등식 조건과 홀수 성질을 이용하여 함수 관계식 및 케이스를 분류하기,10공수1-03-01,"키워드 미매칭 (코드: 10공수1-03-01, 키워드: 합의 법칙, 곱의 법칙, 경우의 수, 합의 법칙, 곱의 법칙)","[10공수1-03-01] $x=1,2,3,4$ 를 대입하여 각 $f(x)$ 간의 대소 관계를 도출하고, 공역의 조건에 따라 $f(2)$ 의 가능"
2026/2026.9모_07.md,3,접선 방정식에 특정 점을 대입하여 상수 a의 값 산출하기,10공수2-01-02,"키워드 미매칭 (코드: 10공수2-01-02, 키워드: 평행 조건, 수직 조건, 평행, 수직, 기울기)",[10공수2-01-02] 직선의 방정식 (직선 위 점 대입)
2026/2026.9모_12.md,2,두 선분의 길이가 같다는 조건으로 방정식을 세워 지수 관계식 확정하기,12대수01-02,"키워드 미매칭 (코드: 12대수01-02, 키워드: 지수의 확장, 유리수 지수, 실수 지수, 지수의 확장, 유리수 지수)","[12대수01-02] $AB^2=t^2+(a^{2t}-a^t)^2$, $AC^2=t^2+a^{2t}$. 같다고 놓으면 $(a^{2t}-a^t)^"
2026/2026.9모_12.md,3,삼각형 넓이 조건을 이용하여 매개변수 t의 값을 결정하기,12대수01-02,"키워드 미매칭 (코드: 12대수01-02, 키워드: 지수의 확장, 유리수 지수, 실수 지수, 지수의 확장, 유리수 지수)","[12대수01-02] $a^t=2$ 이므로 B$=(2t,\,4)$, C$=(2t,\,0)$. BC$=4$ (수직). A에서 직선 BC($x=2t"
2026/2026.9모_12.md,4,확보된 지수 관계식에 매개변수를 대입하여 밑을 결정하고 목표 곱 계산하기,12대수01-02,"키워드 미매칭 (코드: 12대수01-02, 키워드: 지수의 확장, 유리수 지수, 실수 지수, 지수의 확장, 유리수 지수)",[12대수01-02] $a^4=2$ → $a=2^{\frac{1}{4}}$. $a\times t=2^{\frac{1}{4}}\times4=2^{
2026/2026.9모_13.md,3,허용 범위 내의 정수를 나열하여 정수 k의 개수를 산출하기,12미적Ⅰ-01-02,"키워드 미매칭 (코드: 12미적Ⅰ-01-02, 키워드: 극한의 성질, 극한값, 극한의 성질, 극한값, 극한)",[12미적Ⅰ-01-02] Case A와 Case B의 합집합으로 허용 $k$ 결정 후 정수 개수 산출
2026/2026.9모_15.md,2,실근 개수를 이용하여 다항함수 식의 형태 분류하기,10공수1-02-07,"키워드 미매칭 (코드: 10공수1-02-07, 키워드: 삼차방정식, 사차방정식, 삼차방정식, 사차방정식, 삼차)",[10공수1-02-07] $x=0$ 에서의 접선 기울기 $f'(0)$ 가 $1$ 인 경우와 $-1$ 인 경우로 나누어 함수식 설정
2026/2026.9모_18.md,2,연립방정식 풀이를 통해 등차수열의 초항과 공차를 계산하기,9수02-04,"키워드 미매칭 (코드: 9수02-04, 키워드: 일차방정식, 문제해결)",[9수02-04] 연립방정식 풀이
2026/2026.9모_19.md,2,극솟값이 a라는 조건을 이용하여 상수 a 값 확정하기,12미적Ⅰ-02-07,"키워드 미매칭 (코드: 12미적Ⅰ-02-07, 키워드: 증가와 감소, 극대와 극소, 증가와 감소, 극대와 극소, 극대)",[12미적Ⅰ-02-07] 함수의 그래프 (극댓값과 극솟값 판별을 통한 상수결정 방정식)
2026/2026.9모_20.md,1,원에 내접하는 사각형의 닮음 조건과 비례식으로 변의 관계를 도출하기,12대수02-03,"키워드 미매칭 (코드: 12대수02-03, 키워드: 사인법칙, 코사인법칙, 사인법칙, 코사인법칙, 삼각형 넓이)",[12대수02-03] $\overline{\mathrm{PB}}:\overline{\mathrm{PC}} = \overline{\mathrm{P
2026/2026.9모_21.md,4,도함수의 함숫값 계산으로 최종값 산출하기,12미적Ⅰ-02-04,"키워드 미매칭 (코드: 12미적Ⅰ-02-04, 키워드: 미분법, 다항함수, 미분법, 곱의 미분, 다항함수)",[12미적Ⅰ-02-04] 완성된 도함수 식에 $x=10$ 을 대입하여 계산
2026/2026.9모_22.md,2,두 점 사이의 기울기 조건을 이용하여 미지수에 대한 연립방정식 수립하기,10공수2-01-01,"키워드 미매칭 (코드: 10공수2-01-01, 키워드: 선분의 내분, 내분점, 내분점, 중점, 외분점)",[10공수2-01-01] 기울기 식을 비례상수 $k$ 로 치환하여 $y$ 절편 차이 식에 대입
2026/2026.9모_확26.md,1,표준오차 공식으로 표본의 표준오차를 계산하여 신뢰구간 구성 준비하기,12확통03-06,"키워드 미매칭 (코드: 12확통03-06, 키워드: 표본평균, 모평균, 표본비율, 모비율, 표본평균)",[12확통03-06] 표준오차: $\frac{\sigma}{\sqrt{n}}=\frac{2\sqrt{2}}{\sqrt{128}}=\frac{2\
2026/2026수능_03.md,2,자연수의 합 공식을 이용하여 시그마 항을 수치로 계산하기,12대수03-05,"키워드 미매칭 (코드: 12대수03-05, 키워드: 여러 가지 수열, 수열의 합, 계차수열, 군수열, 분수형)",[12대수03-05] 거듭제곱의 합 계산 (자연수의 합 공식)
2026/2026수능_06.md,2,대입법으로 연립방정식을 풀어 밑 a의 지수 관계를 결정하기,12대수01-03,"키워드 미매칭 (코드: 12대수01-03, 키워드: 지수법칙의 활용, 밑의 조건, 지수법칙, 지수방정식, 지수부등식)",[12대수01-03] 연립방정식 풀이 (대입법)
2026/2026수능_07.md,1,두 곡선을 연립하여 교점의 x좌표를 결정하고 적분 구간을 설정하기,10공수1-02-04,"키워드 미매칭 (코드: 10공수1-02-04, 키워드: 이차방정식, 이차함수, 이차방정식, 이차함수)",[10공수1-02-04] 방정식의 해 구하기 (두 함수의 교점의 x좌표)
2026/2026수능_09.md,2,접하는 조건으로 미정계수를 결정하고 목표 함숫값 계산하기,12미적Ⅰ-02-08,"키워드 미매칭 (코드: 12미적Ⅰ-02-08, 키워드: 그래프의 개형, 그래프의 개형, 개형, 오목, 볼록)",[12미적Ⅰ-02-08] 함수의 그래프 (극댓값 또는 극솟값 계산 및 방정식 산출)
2026/2026수능_10.md,2,AB=BC 등거리 조건을 이용하여 A의 y좌표를 결정하기,12대수01-02,"키워드 미매칭 (코드: 12대수01-02, 키워드: 지수의 확장, 유리수 지수, 실수 지수, 지수의 확장, 유리수 지수)","[12대수01-02] $a^t-2=2$ → $a^t=4$. 그러므로 A$=(t,\,2)$"
2026/2026수능_10.md,3,삼각형 넓이 조건으로 x좌표를 결정하고 지수 관계식으로 밑을 구해 목표 곱 산출하기,12대수01-02,"키워드 미매칭 (코드: 12대수01-02, 키워드: 지수의 확장, 유리수 지수, 실수 지수, 지수의 확장, 유리수 지수)","[12대수01-02] $|AC|=4$, 높이$=t$. $2t=8$ → $t=4$. $a^4=4=2^2$ → $a=2^{1/2}$. $a\time"
2026/2026수능_15.md,3,구간별 정적분 계산으로 최종값 산출하기,12미적Ⅰ-03-04,"키워드 미매칭 (코드: 12미적Ⅰ-03-04, 키워드: 부정적분과 정적분의 관계, 부정적분과 정적분, 미적분의 기본정리, 기본정리, 정적분으로 정의된)",[12미적Ⅰ-03-04] $a=4$ 를 대입하여 $h(3)$ 의 값을 구간을 나누어 정적분으로 계산
2026/2026수능_19.md,1,다항함수 미분법으로 도함수를 구하여 닫힌 구간 내 극값 후보를 파악하기,12미적Ⅰ-02-08,"키워드 미매칭 (코드: 12미적Ⅰ-02-08, 키워드: 그래프의 개형, 그래프의 개형, 개형, 오목, 볼록)",[12미적Ⅰ-02-08] 다항함수의 최댓값과 최솟값 (도함수를 통해 구간 내 극값 확인)
2026/2026수능_19.md,2,후보점의 함숫값을 비교하여 닫힌 구간의 최댓값과 최솟값을 결정하기,12미적Ⅰ-02-08,"키워드 미매칭 (코드: 12미적Ⅰ-02-08, 키워드: 그래프의 개형, 그래프의 개형, 개형, 오목, 볼록)",[12미적Ⅰ-02-08] 다항함수의 최댓값과 최솟값 (후보 점의 함숫값 비교)
2026/2026수능_21.md,3,집합의 원소 조건을 이용하여 미지수 산출하기,10공수1-02-08,"키워드 미매칭 (코드: 10공수1-02-08, 키워드: 연립이차방정식, 연립이차방정식, 연립이차)","[10공수1-02-08] $g(-1)$과 $g(1)$을 $k, \alpha$로 표현한 식과 집합의 원소를 짝지어 연립방정식 풀이. $x=-5$ "
2026/2026수능_확25.md,1,같은 색 또는 같은 수의 사건을 분리하여 경우의 수를 계산하기,12확통02-02,"키워드 미매칭 (코드: 12확통02-02, 키워드: 확률의 덧셈정리, 확률의 덧셈정리, 덧셈정리, 배반사건, 합사건)",[12확통02-02] 전체: $_{10}C_{2}=45$. 같은 색: $_{5}C_{2}+_{5}C_{2}=20$. 다른 색·같은 수: 공통 숫
2026/2026수능_확28.md,1,독립시행의 확률을 이용하여 전체 공의 합이 홀수일 확률을 산출하기,12확통02-06,"키워드 미매칭 (코드: 12확통02-06, 키워드: 확률의 곱셈정리, 확률의 곱셈정리, 곱셈정리)",[12확통02-06] 주사위 눈에 따른 1회 시행의 특징을 분류하고 독립시행의 확률을 적용하여 합이 홀수가 될 확률 계산
2026/2026수능_확28.md,2,연립방정식으로 교집합 사건의 조건식 수립하기,9수02-04,"키워드 미매칭 (코드: 9수02-04, 키워드: 일차방정식, 문제해결)",[9수02-04] 각 사건의 발생 횟수를 미지수로 두고 연립방정식을 세워 홀수 조건을 만족하는 발생 횟수 조합 도출
2026/2026수능_확30.md,1,배반사건을 이용하여 주머니 구성 케이스 분류하기,10공수1-03-01,"키워드 미매칭 (코드: 10공수1-03-01, 키워드: 합의 법칙, 곱의 법칙, 경우의 수, 합의 법칙, 곱의 법칙)",[10공수1-03-01] 1개인 주머니 수 $k_1$ 에 따라 전체 공의 개수 $8$ 이 되는 2개인 주머니 수 $k_2$ 와 빈 주머니 수 $
2028/2028.예시_08.md,2,다항함수 부정적분 후 정적분 구간 계산으로 정적분 값 결정,12미적Ⅰ-03-04,"키워드 미매칭 (코드: 12미적Ⅰ-03-04, 키워드: 부정적분과 정적분의 관계, 부정적분과 정적분, 미적분의 기본정리, 기본정리, 정적분으로 정의된)","[12미적Ⅰ-03-04] $f(x)=x^3+3x^2+2$를 $[0,2]$에서 적분"
2028/2028.예시_12.md,2,전체 경우의 수와 비교하여 확률 산출,10공수1-03-03,"키워드 미매칭 (코드: 10공수1-03-03, 키워드: 조합, 조합, ncr, 이항계수)",[10공수1-03-03] 제2열 3장을 선택하는 전체 경우의 수 $\binom{9}{3}=84$. 제2열 내 배열 순서는 분자·분모에서 동일하게
2028/2028.예시_14.md,2,수열 값 동치 조건으로 삼차방정식 인수분해 후 상수 후보 확정,12대수03-06,"키워드 미매칭 (코드: 12대수03-06, 키워드: 귀납적 정의, 점화식, 귀납적 정의, 수학적 귀납법)",[12대수03-06] $6k+2 = 2k^3+2k^2+2k+2$ → $2k^3+2k^2-4k=0$ → $2k(k^2+k-2)=0$ → $k(k+
2028/2028.예시_14.md,3,k 후보별 절댓값 합 비교로 최댓값 확정,12대수03-06,"키워드 미매칭 (코드: 12대수03-06, 키워드: 귀납적 정의, 점화식, 귀납적 정의, 수학적 귀납법)","[12대수03-06] 각 $k$ 값에서 $a_1=6k+2$, $a_2=4k+2$를 계산하여 $|a_1|+|a_2|$ 비교"
2028/2028.예시_16.md,2,b 부호별 교점 수 대조로 유효 순서쌍 선별 후 합의 최댓값·최솟값 합산,12대수02-02,"키워드 미매칭 (코드: 12대수02-02, 키워드: 삼각함수, 그래프, 주기성, 삼각함수, sin)","[12대수02-02] 위 분석에서 유효한 $(a,b)$: $(5,2)$, $(10,3)$, $(5,-2)$, $(10,-3)$ 검토. $a+b$"
2028/2028.예시_18.md,1,두 곡선이 직선 y=x 위의 두 점을 지나는 조건으로 함수 인수 설정,12미적Ⅰ-02-08,"키워드 미매칭 (코드: 12미적Ⅰ-02-08, 키워드: 그래프의 개형, 그래프의 개형, 개형, 오목, 볼록)","[12미적Ⅰ-02-08] $f(x)-x$, $g(x)-x$는 공통근 $\alpha, \beta$를 가짐. 최고차항 계수 1인 삼차함수 $f$에 "
2028/2028.예시_20.md,2,절댓값 적분 조건으로 각 구간 넓이 수치 확정,12미적Ⅰ-03-06,"키워드 미매칭 (코드: 12미적Ⅰ-03-06, 키워드: 속도, 거리, 속도, 거리, 이동거리)","[12미적Ⅰ-03-06] $h(x)=\int_0^x|f(t)|\,dt$이므로 $h(\beta)=\int_0^\alpha(-f)\,dt+\int_"
2028/2028.예시_20.md,3,"부호 구간별 정적분 부호 처리로 g(α), g(γ) 각각 산출 후 차이 계산",12미적Ⅰ-03-04,"키워드 미매칭 (코드: 12미적Ⅰ-03-04, 키워드: 부정적분과 정적분의 관계, 부정적분과 정적분, 미적분의 기본정리, 기본정리, 정적분으로 정의된)","[12미적Ⅰ-03-04] $g(\alpha)=\int_0^\alpha f(t)\,dt=-S_1=-4$. $g(\gamma)=g(\beta)+\i"
2028/2028.예시_21.md,2,연속 블록 1개(크기 5) 배열 패턴 열거,10공수1-03-02,"키워드 미매칭 (코드: 10공수1-03-02, 키워드: 순열, 순열, npr)","[10공수1-03-02] 블록 내 인접 쌍이 4개이고 이 중 정확히 3개가 (0,2)/(2,0)인 배열을 C(5,2)=10가지 중 열거: 패턴 "
2028/2028.예시_21.md,3,연속 블록 2개 배열 패턴 분류 및 합산,10공수1-03-02,"키워드 미매칭 (코드: 10공수1-03-02, 키워드: 순열, 순열, npr)","[10공수1-03-02] $(b_1,b_2)$ 별로 각 블록의 인접 쌍 수 합이 3이 되는 배열 수 × 위치 배치 수 산출. 위치 배치: $g_"
2028/2028.예시_21.md,4,블록 3개 이상 배제 및 최종 합산,10공수1-03-01,"키워드 미매칭 (코드: 10공수1-03-01, 키워드: 합의 법칙, 곱의 법칙, 경우의 수, 합의 법칙, 곱의 법칙)",[10공수1-03-01] $m$개 블록의 최대 인접 쌍 수 = $5-m$. $m\geq3$이면 최대 $5-3=2<3$ → 조건 불만족. 전체 =
2028/2028.예시_25.md,2,극솟값 조건으로 b 결정 후 f(3) 산출,12미적Ⅰ-02-07,"키워드 미매칭 (코드: 12미적Ⅰ-02-07, 키워드: 증가와 감소, 극대와 극소, 증가와 감소, 극대와 극소, 극대)",[12미적Ⅰ-02-07] $f(0)=b=5$ → $f(x)=x^3+3x^2+5$
2028/2028.예시_26.md,2,k=3에서 확률의 합 조건으로 a 표현,12확통03-01,"키워드 미매칭 (코드: 12확통03-01, 키워드: 확률변수, 확률분포, 확률변수, 확률분포, 이산확률변수)",[12확통03-01] $a+b\cdot\frac{11}{6}=1$ → $b=\frac{6(1-a)}{11}$
2028/2028.예시_27.md,2,삼각형 밑변·높이를 지수 표현으로 변환하여 넓이 일반항 수립,12대수01-03,"키워드 미매칭 (코드: 12대수01-03, 키워드: 지수법칙의 활용, 밑의 조건, 지수법칙, 지수방정식, 지수부등식)","[12대수01-03] $\overline{A_nB_n}=4^{a_n}$ ($B_n$의 $y$좌표), $\overline{A_nA_{n+1}}=2"
2028/2028.예시_28.md,1,g(x)의 구조와 h(x)의 불연속 후보점 파악,12미적Ⅰ-02-08,"키워드 미매칭 (코드: 12미적Ⅰ-02-08, 키워드: 그래프의 개형, 그래프의 개형, 개형, 오목, 볼록)","[12미적Ⅰ-02-08] $g(x)=f(x-a)$의 영점: $x=a$(단근), $x=a+1$(이중근), $x=a+2$(단근). $|x|-k=0$"
2028/2028.예시_28.md,4,"g'(x)의 임계점 분석으로 a, k 유일 결정 및 최종값 산출",12미적Ⅰ-02-07,"키워드 미매칭 (코드: 12미적Ⅰ-02-07, 키워드: 증가와 감소, 극대와 극소, 증가와 감소, 극대와 극소, 극대)",[12미적Ⅰ-02-07] $g'(x)=f'(x-a)$이고 $f'(t)=2(t-1)(2t^2-4t+1)$에서 $f$의 임계점: $t=1\pm\fr
2028/2028.예시_29.md,2,합 분포표 경우 조합 열거로 우열 확률과 교사건 확률 산출,12확통02-04,"키워드 미매칭 (코드: 12확통02-04, 키워드: 조건부확률, 조건부확률, p(a|b), p(b|a))",[12확통02-04] 각 경우를 조합하여 계산
2028/2028.예시_30.md,1,x=0이 교점이 되는 조건과 x≤0 구간 교점 치환 정리,12대수01-04,"키워드 미매칭 (코드: 12대수01-04, 키워드: 로그의 뜻, 로그의 성질, 로그, log, 상용로그)",[12대수01-04] $f(0)=3^{\frac{a+b}{6}}-a=0$ → $3^{\frac{a+b}{6}}=a$ …(**). $x\leq0$
